./train_v2/00003e153.jpg,390,197,415,222,0
./train_v2/0001124c7.jpg,51,324,76,349,0
./train_v2/000194a2d.jpg,288,469,355,491,1
./train_v2/0001b1832.jpg,130,20,155,45,0
./train_v2/0002756f7.jpg,37,333,109,350,1
./train_v2/0002d0f32.jpg,710,320,735,345,0
./train_v2/000303d4d.jpg,715,566,740,591,0
./train_v2/00031f145.jpg,42,324,113,344,1
./train_v2/00052ed46.jpg,6,505,31,530,0
./train_v2/00057a50d.jpg,525,479,550,504,0
./train_v2/000592296.jpg,411,162,436,187,0
./train_v2/0005d01c8.jpg,599,72,767,236,1
./train_v2/0005d6d95.jpg,253,476,356,555,1
./train_v2/0006c52e8.jpg,198,190,496,406,1
./train_v2/0007b8229.jpg,574,170,599,195,0
./train_v2/000805313.jpg,276,662,301,687,0
./train_v2/000811bb6.jpg,637,299,662,324,0
./train_v2/0008d6216.jpg,237,452,262,477,0
./train_v2/000913daf.jpg,677,675,702,700,0
./train_v2/000952d51.jpg,440,247,465,272,0
./train_v2/000969125.jpg,634,329,659,354,0
./train_v2/0009a46e1.jpg,672,25,697,50,0
./train_v2/000a4d4fd.jpg,396,532,421,557,0
./train_v2/000aed819.jpg,134,250,159,275,0
./train_v2/000baef0c.jpg,140,239,165,264,0
./train_v2/000bd9ac4.jpg,301,408,326,433,0
./train_v2/000c150b0.jpg,37,411,62,436,0
./train_v2/000c34352.jpg,205,180,230,205,0
./train_v2/000d26c17.jpg,181,115,206,140,0
./train_v2/000db3e62.jpg,711,695,736,720,0
./train_v2/000e37fc6.jpg,609,541,634,566,0
./train_v2/000e64855.jpg,131,268,156,293,0
./train_v2/000f1f959.jpg,141,1,166,26,0
./train_v2/000f7e728.jpg,236,520,261,545,0
./train_v2/000f7f2fd.jpg,465,403,490,428,0
./train_v2/00104f16f.jpg,327,214,352,239,0
./train_v2/0010e88ce.jpg,373,566,398,591,0
./train_v2/0010eefb1.jpg,567,428,592,453,0
./train_v2/00113a75c.jpg,119,523,201,557,1
./train_v2/00119e4ba.jpg,556,479,581,504,0
./train_v2/0011a9ccb.jpg,92,375,117,400,0
./train_v2/0011c31b7.jpg,259,69,284,94,0
./train_v2/00122061c.jpg,110,148,135,173,0
./train_v2/001234638.jpg,402,170,557,326,1
./train_v2/0012669a8.jpg,500,321,525,346,0
./train_v2/0012a8fa1.jpg,516,191,541,216,0
./train_v2/0012b8981.jpg,8,395,33,420,0
./train_v2/0012be3bb.jpg,208,703,233,728,0
./train_v2/0013b2222.jpg,674,292,699,317,0
./train_v2/00140e597.jpg,19,499,44,524,0
./train_v2/0014b1235.jpg,623,721,648,746,0
./train_v2/001566f7c.jpg,474,91,626,272,1
./train_v2/0015a4f8b.jpg,43,335,68,360,0
./train_v2/00160335a.jpg,433,510,458,535,0
./train_v2/00167446e.jpg,535,483,560,508,0
./train_v2/0016a2ab9.jpg,541,278,566,303,0
./train_v2/0016ae695.jpg,433,87,458,112,0
./train_v2/0016bc1a8.jpg,43,727,68,752,0
./train_v2/0016c1d02.jpg,212,442,237,467,0
./train_v2/001739657.jpg,715,138,740,163,0
./train_v2/001768e84.jpg,144,254,169,279,0
./train_v2/001883b1b.jpg,694,290,719,315,0
./train_v2/00189cc36.jpg,204,113,229,138,0
./train_v2/0018e5d6c.jpg,128,72,232,354,1
./train_v2/0018f7728.jpg,296,279,321,304,0
./train_v2/0019444bc.jpg,98,323,123,348,0
./train_v2/001948368.jpg,68,457,93,482,0
./train_v2/00196e715.jpg,9,426,34,451,0
./train_v2/0019880c1.jpg,587,175,612,200,0
./train_v2/0019fc4d8.jpg,112,477,195,591,1
./train_v2/001a7cba8.jpg,333,423,358,448,0
./train_v2/001ac9fa5.jpg,46,369,71,394,0
./train_v2/001ae1b37.jpg,478,165,503,190,0
./train_v2/001aee007.jpg,66,646,228,767,1
./train_v2/001b9e692.jpg,622,721,647,746,0
./train_v2/001bfb70a.jpg,629,376,654,401,0
./train_v2/001c73c42.jpg,208,554,233,579,0
./train_v2/001db1e48.jpg,177,711,202,736,0
./train_v2/001db5968.jpg,461,446,486,471,0
./train_v2/001dd855d.jpg,129,68,154,93,0
./train_v2/001e3f475.jpg,190,638,215,663,0
./train_v2/001e418bc.jpg,506,158,655,295,1
./train_v2/001ea610a.jpg,677,520,702,545,0
./train_v2/001ed8b9b.jpg,184,8,294,337,1
./train_v2/001f04ca3.jpg,539,171,564,196,0
./train_v2/001f3caca.jpg,429,602,454,627,0
./train_v2/002077cf3.jpg,301,734,326,759,0
./train_v2/00207e662.jpg,67,239,92,264,0
./train_v2/002155dd1.jpg,380,45,405,70,0
./train_v2/00220176b.jpg,540,413,565,438,0
./train_v2/002237256.jpg,394,616,419,641,0
./train_v2/0022cade7.jpg,639,586,664,611,0
./train_v2/0022f64e5.jpg,628,135,705,203,1
./train_v2/0023b2b72.jpg,237,336,262,361,0
./train_v2/0023b39c3.jpg,559,82,584,107,0
./train_v2/00240e745.jpg,82,201,107,226,0
./train_v2/0024786e1.jpg,390,722,415,747,0
./train_v2/002490fe4.jpg,528,232,553,257,0
./train_v2/00249d8ad.jpg,217,631,242,656,0
./train_v2/0024c3726.jpg,678,475,703,500,0
./train_v2/00269a792.jpg,226,89,351,162,1
./train_v2/0026f7ea5.jpg,190,66,215,91,0
./train_v2/0027854cc.jpg,317,1,409,83,1
./train_v2/00286e8b9.jpg,472,445,622,568,1
./train_v2/00293fb9e.jpg,623,434,648,459,0
./train_v2/0029673da.jpg,705,46,730,71,0
./train_v2/0029a4e84.jpg,435,212,460,237,0
./train_v2/002a4ab34.jpg,616,142,641,167,0
./train_v2/002aa3894.jpg,329,292,354,317,0
./train_v2/002aae251.jpg,615,503,640,528,0
./train_v2/002abd5df.jpg,155,237,180,262,0
./train_v2/002abf883.jpg,100,499,125,524,0
./train_v2/002ac662a.jpg,425,126,450,151,0
./train_v2/002adc40c.jpg,110,354,135,379,0
./train_v2/002aef0e2.jpg,675,410,700,435,0
./train_v2/002b7f742.jpg,25,40,50,65,0
./train_v2/002b96007.jpg,599,335,624,360,0
./train_v2/002bd6bc7.jpg,285,586,310,611,0
./train_v2/002c13bb6.jpg,271,396,296,421,0
./train_v2/002c872c1.jpg,529,647,554,672,0
./train_v2/002d107b5.jpg,245,483,270,508,0
./train_v2/002d56570.jpg,374,543,450,626,1
./train_v2/002deeb16.jpg,416,112,542,327,1
./train_v2/002e42551.jpg,725,57,750,82,0
./train_v2/002e4ecce.jpg,437,308,462,333,0
./train_v2/002e8a977.jpg,230,196,255,221,0
./train_v2/002eba124.jpg,564,739,589,764,0
./train_v2/002febce2.jpg,139,580,164,605,0
./train_v2/003080f2f.jpg,146,737,171,762,0
./train_v2/0030e7fe8.jpg,597,315,622,340,0
./train_v2/00319c32d.jpg,288,345,449,600,1
./train_v2/0032158a0.jpg,542,370,567,395,0
./train_v2/003385133.jpg,602,265,627,290,0
./train_v2/003490d93.jpg,55,439,80,464,0
./train_v2/0036c3aa8.jpg,677,144,702,169,0
./train_v2/0036df7bb.jpg,322,556,347,581,0
./train_v2/003711b66.jpg,30,703,55,728,0
./train_v2/003726244.jpg,568,415,593,440,0
./train_v2/00374ccfa.jpg,137,370,162,395,0
./train_v2/003794048.jpg,385,738,410,763,0
./train_v2/0037dda6b.jpg,636,715,661,740,0
./train_v2/00383c855.jpg,505,300,530,325,0
./train_v2/003850cde.jpg,695,356,720,381,0
./train_v2/003857112.jpg,173,295,198,320,0
./train_v2/00387da9b.jpg,524,415,549,440,0
./train_v2/0038fa4c9.jpg,563,739,588,764,0
./train_v2/00390d79a.jpg,716,398,741,423,0
./train_v2/00391726f.jpg,717,86,742,111,0
./train_v2/00397761d.jpg,39,226,64,251,0
./train_v2/0039b40ac.jpg,432,394,457,419,0
./train_v2/0039c67c1.jpg,670,402,695,427,0
./train_v2/003a13db8.jpg,321,403,346,428,0
./train_v2/003a7bb0b.jpg,530,13,555,38,0
./train_v2/003aef141.jpg,596,106,621,131,0
./train_v2/003b34b6e.jpg,356,191,381,216,0
./train_v2/003b507f1.jpg,275,492,300,517,0
./train_v2/003b50a15.jpg,127,207,152,232,0
./train_v2/003b620f9.jpg,148,145,173,170,0
./train_v2/003b74542.jpg,243,654,268,679,0
./train_v2/003c09c8d.jpg,351,300,376,325,0
./train_v2/003c1c842.jpg,134,719,159,744,0
./train_v2/003c27119.jpg,303,627,328,652,0
./train_v2/003d0a956.jpg,458,280,483,305,0
./train_v2/003dbe2cf.jpg,652,583,677,608,0
./train_v2/003dd3638.jpg,346,604,371,629,0
./train_v2/003e2c95d.jpg,330,217,388,277,1
./train_v2/003e91970.jpg,668,319,693,344,0
./train_v2/003e929b2.jpg,249,443,274,468,0
./train_v2/003eb5cb6.jpg,671,521,696,546,0
./train_v2/003efbe7e.jpg,281,546,306,571,0
./train_v2/003f4c640.jpg,709,403,734,428,0
./train_v2/003fc760d.jpg,402,231,427,256,0
./train_v2/003fcef7b.jpg,53,136,78,161,0
./train_v2/00400ca9c.jpg,70,344,95,369,0
./train_v2/00406d1b3.jpg,7,679,32,704,0
./train_v2/0040cf4e9.jpg,363,447,467,699,1
./train_v2/004141855.jpg,1,555,96,670,1
./train_v2/0041c497c.jpg,478,2,503,27,0
./train_v2/004277cde.jpg,23,155,48,180,0
./train_v2/0042da6d5.jpg,339,95,364,120,0
./train_v2/004304a89.jpg,7,540,32,565,0
./train_v2/004331bef.jpg,56,213,116,224,1
./train_v2/0043b9c24.jpg,264,580,289,605,0
./train_v2/0043fe542.jpg,325,324,350,349,0
./train_v2/004514d4e.jpg,37,37,62,62,0
./train_v2/00458f435.jpg,68,441,93,466,0
./train_v2/0045a0833.jpg,180,625,205,650,0
./train_v2/0045fbd7c.jpg,637,716,662,741,0
./train_v2/00461addf.jpg,364,164,389,189,0
./train_v2/00466744e.jpg,169,399,194,424,0
./train_v2/00477d9dd.jpg,567,258,592,283,0
./train_v2/0047c6676.jpg,343,475,368,500,0
./train_v2/0047f29d0.jpg,682,120,707,145,0
./train_v2/0048e49d5.jpg,532,429,557,454,0
./train_v2/00492b322.jpg,322,657,347,682,0
./train_v2/004a73a8c.jpg,293,133,318,158,0
./train_v2/004d40dc6.jpg,471,464,496,489,0
./train_v2/004d4a312.jpg,244,596,269,621,0
./train_v2/004d731e0.jpg,743,728,768,753,0
./train_v2/004db8c97.jpg,95,173,120,198,0
./train_v2/004e94ecb.jpg,487,43,536,121,1
./train_v2/004f253c6.jpg,18,451,43,476,0
./train_v2/004f448dd.jpg,83,303,108,328,0
./train_v2/004f97cfb.jpg,67,514,129,532,1
./train_v2/00502e612.jpg,657,407,682,432,0
./train_v2/005084f1b.jpg,275,155,300,180,0
./train_v2/00512250a.jpg,328,710,353,735,0
./train_v2/00514059c.jpg,93,350,118,375,0
./train_v2/00516532d.jpg,637,33,662,58,0
./train_v2/0052e3bdc.jpg,514,727,539,752,0
./train_v2/0052f82c6.jpg,211,100,236,125,0
./train_v2/00552a73d.jpg,1,236,104,425,1
./train_v2/00552d24a.jpg,510,675,535,700,0
./train_v2/00558fb2a.jpg,454,668,479,693,0
./train_v2/0055ffe5d.jpg,144,560,169,585,0
./train_v2/00562a5e4.jpg,258,311,283,336,0
./train_v2/00564274f.jpg,116,608,141,633,0
./train_v2/0056b2282.jpg,465,549,490,574,0
./train_v2/0056cff59.jpg,599,50,624,75,0
./train_v2/0056d301c.jpg,54,242,131,327,1
./train_v2/0056fbc62.jpg,544,605,625,686,1
./train_v2/005742712.jpg,707,370,732,395,0
./train_v2/0057b03e2.jpg,562,551,587,576,0
./train_v2/0057d1789.jpg,618,117,643,142,0
./train_v2/005818de8.jpg,340,459,365,484,0
./train_v2/005883874.jpg,693,620,718,645,0
./train_v2/005883911.jpg,359,13,442,228,1
./train_v2/0058896c8.jpg,666,433,691,458,0
./train_v2/00592a761.jpg,433,635,458,660,0
./train_v2/0059c618d.jpg,26,657,51,682,0
./train_v2/0059f4395.jpg,303,27,328,52,0
./train_v2/005a65e0d.jpg,555,115,580,140,0
./train_v2/005a7670a.jpg,441,393,597,584,1
./train_v2/005a782bb.jpg,107,450,132,475,0
./train_v2/005b128fd.jpg,190,241,215,266,0
./train_v2/005b86bd0.jpg,299,302,324,327,0
./train_v2/005bc2261.jpg,287,453,312,478,0
./train_v2/005c6a4b7.jpg,124,140,149,165,0
./train_v2/005c8e121.jpg,128,384,272,470,1
./train_v2/005d6a820.jpg,628,575,757,767,1
./train_v2/005d6d2f2.jpg,71,240,96,265,0
./train_v2/005ea8d65.jpg,572,174,597,199,0
./train_v2/005f161e5.jpg,551,515,576,540,0
./train_v2/005f64ff5.jpg,613,615,638,640,0
./train_v2/00608f068.jpg,218,230,243,255,0
./train_v2/0060ef048.jpg,389,242,414,267,0
./train_v2/0060f6de0.jpg,516,439,593,598,1
./train_v2/006188aec.jpg,619,602,644,627,0
./train_v2/0061c2491.jpg,414,196,439,221,0
./train_v2/00624b4d1.jpg,506,174,531,199,0
./train_v2/00624c7d6.jpg,340,286,365,311,0
./train_v2/0062ae3db.jpg,401,736,426,761,0
./train_v2/0062c4254.jpg,562,728,587,753,0
./train_v2/006316220.jpg,175,393,200,418,0
./train_v2/0063175dd.jpg,39,562,64,587,0
./train_v2/00640a1af.jpg,655,439,719,505,1
./train_v2/0064320fe.jpg,448,637,473,662,0
./train_v2/006481d12.jpg,735,690,760,715,0
./train_v2/0064956d4.jpg,126,70,288,148,1
./train_v2/0064bcd76.jpg,305,1,330,26,0
./train_v2/00657edc0.jpg,402,155,427,180,0
./train_v2/0065ad081.jpg,163,242,188,267,0
./train_v2/0066fa9a8.jpg,72,555,97,580,0
./train_v2/00677958d.jpg,557,404,582,429,0
./train_v2/0068ace36.jpg,252,618,277,643,0
./train_v2/006946ba9.jpg,411,711,436,736,0
./train_v2/0069e6715.jpg,664,265,689,290,0
./train_v2/006a5835a.jpg,406,258,431,283,0
./train_v2/006abf2b8.jpg,463,592,488,617,0
./train_v2/006afd8f9.jpg,555,94,580,119,0
./train_v2/006b3a206.jpg,612,19,637,44,0
./train_v2/006b699d5.jpg,308,543,333,568,0
./train_v2/006bd5648.jpg,581,273,606,298,0
./train_v2/006c24464.jpg,554,663,579,688,0
./train_v2/006ca5685.jpg,181,97,206,122,0
./train_v2/006d6bc79.jpg,168,260,193,285,0
./train_v2/006de72bb.jpg,214,689,239,714,0
./train_v2/006f99d58.jpg,39,440,64,465,0
./train_v2/00706447d.jpg,122,623,147,648,0
./train_v2/00711596a.jpg,125,373,150,398,0
./train_v2/00717ce00.jpg,743,264,768,289,0
./train_v2/00731c2cc.jpg,35,159,60,184,0
./train_v2/007387e08.jpg,296,248,321,273,0
./train_v2/0073eaf0c.jpg,171,695,196,720,0
./train_v2/0073fda18.jpg,508,714,533,739,0
./train_v2/007458ed0.jpg,326,698,351,723,0
./train_v2/0074d6c72.jpg,527,81,625,203,1
./train_v2/007534159.jpg,39,346,121,405,1
./train_v2/00761707d.jpg,49,232,161,343,1
./train_v2/007638694.jpg,5,453,30,478,0
./train_v2/00767775f.jpg,596,173,621,198,0
./train_v2/00767e7c2.jpg,693,567,718,592,0
./train_v2/00772037b.jpg,615,426,640,451,0
./train_v2/0077380fe.jpg,589,245,614,270,0
./train_v2/007779200.jpg,167,232,192,257,0
./train_v2/0078344d7.jpg,435,616,460,641,0
./train_v2/007886537.jpg,216,299,241,324,0
./train_v2/007947521.jpg,641,457,666,482,0
./train_v2/007971405.jpg,737,152,762,177,0
./train_v2/0079987ec.jpg,615,502,640,527,0
./train_v2/0079bd312.jpg,185,354,210,379,0
./train_v2/0079f46f5.jpg,297,445,322,470,0
./train_v2/007abacf8.jpg,595,78,620,103,0
./train_v2/007afac42.jpg,611,625,636,650,0
./train_v2/007b25c03.jpg,620,719,767,765,1
./train_v2/007bcd840.jpg,264,320,289,345,0
./train_v2/007be06e8.jpg,426,521,451,546,0
./train_v2/007ce0003.jpg,552,563,577,588,0
./train_v2/007ce759d.jpg,290,319,315,344,0
./train_v2/007deeeae.jpg,711,426,736,451,0
./train_v2/007ecf483.jpg,632,206,657,231,0
./train_v2/007f4bcc6.jpg,463,437,488,462,0
./train_v2/00800bc58.jpg,716,64,741,89,0
./train_v2/008028110.jpg,372,388,397,413,0
./train_v2/00804c4d8.jpg,67,672,92,697,0
./train_v2/00806aaa8.jpg,658,326,683,351,0
./train_v2/00808d376.jpg,581,111,606,136,0
./train_v2/0080bd6a5.jpg,461,194,486,219,0
./train_v2/008129422.jpg,460,77,523,118,1
./train_v2/00815c663.jpg,332,627,357,652,0
./train_v2/0081d56d4.jpg,146,226,171,251,0
./train_v2/0082a47b4.jpg,360,251,385,276,0
./train_v2/0082b1331.jpg,594,733,619,758,0
./train_v2/0083414e4.jpg,119,176,144,201,0
./train_v2/00837bf48.jpg,522,279,547,304,0
./train_v2/008401010.jpg,724,722,749,747,0
./train_v2/0085c5104.jpg,479,639,504,664,0
./train_v2/0085e527a.jpg,299,469,324,494,0
./train_v2/008605bcf.jpg,691,612,767,671,1
./train_v2/00862fc1d.jpg,733,416,758,441,0
./train_v2/0086bf67c.jpg,694,535,719,560,0
./train_v2/008750c98.jpg,360,475,385,500,0
./train_v2/00875a44f.jpg,660,148,685,173,0
./train_v2/008775d3e.jpg,294,737,319,762,0
./train_v2/0087ae1e7.jpg,299,489,324,514,0
./train_v2/0087cfecb.jpg,670,739,695,764,0
./train_v2/00885c45f.jpg,486,81,511,106,0
./train_v2/008863fe8.jpg,688,49,756,69,1
./train_v2/00887bc15.jpg,27,459,52,484,0
./train_v2/00895a91b.jpg,422,714,447,739,0
./train_v2/00898bc3a.jpg,555,492,580,517,0
./train_v2/0089afe3f.jpg,389,193,414,218,0
./train_v2/0089c7bf1.jpg,715,401,740,426,0
./train_v2/0089fe989.jpg,23,517,48,542,0
./train_v2/008a1bdb4.jpg,387,44,412,69,0
./train_v2/008aa8cda.jpg,662,246,687,271,0
./train_v2/008aafbd4.jpg,171,85,196,110,0
./train_v2/008b86d16.jpg,232,170,257,195,0
./train_v2/008b94a8a.jpg,485,50,510,75,0
./train_v2/008be8252.jpg,205,210,230,235,0
./train_v2/008c71d89.jpg,654,330,679,355,0
./train_v2/008c8a442.jpg,562,448,587,473,0
./train_v2/008cd37c7.jpg,582,85,607,110,0
./train_v2/008ceaeb0.jpg,728,630,753,655,0
./train_v2/008d0ff07.jpg,38,346,63,371,0
./train_v2/008d15664.jpg,242,468,267,493,0
./train_v2/008d2170e.jpg,13,670,85,684,1
./train_v2/008da962d.jpg,172,431,197,456,0
./train_v2/008dbba6c.jpg,449,446,474,471,0
./train_v2/008e155f6.jpg,334,27,359,52,0
./train_v2/008e764da.jpg,382,303,407,328,0
./train_v2/009105bc2.jpg,81,342,106,367,0
./train_v2/00918be6f.jpg,336,409,361,434,0
./train_v2/0091de0c1.jpg,599,521,624,546,0
./train_v2/0092a3597.jpg,649,39,674,64,0
./train_v2/0092b764b.jpg,164,342,189,367,0
./train_v2/009315aad.jpg,713,587,738,612,0
./train_v2/009363023.jpg,336,248,361,273,0
./train_v2/0093754d4.jpg,453,222,534,346,1
./train_v2/009385621.jpg,44,550,69,575,0
./train_v2/0093a4735.jpg,377,149,402,174,0
./train_v2/0093b5ad2.jpg,318,126,343,151,0
./train_v2/009412a5b.jpg,559,274,584,299,0
./train_v2/009412ee5.jpg,700,13,725,38,0
./train_v2/009432a16.jpg,616,465,641,490,0
./train_v2/00944a000.jpg,401,483,426,508,0
./train_v2/00949c7e5.jpg,540,71,565,96,0
./train_v2/0095be2f4.jpg,653,11,678,36,0
./train_v2/009751652.jpg,514,453,598,544,1
./train_v2/00975abe1.jpg,699,445,763,528,1
./train_v2/0097ba701.jpg,219,134,244,159,0
./train_v2/0097bfba4.jpg,689,51,714,76,0
./train_v2/0097d1602.jpg,432,473,457,498,0
./train_v2/0098456ff.jpg,526,165,711,286,1
./train_v2/009a350fd.jpg,484,642,509,667,0
./train_v2/009a622f1.jpg,42,607,67,632,0
./train_v2/009a7f5e8.jpg,393,516,418,541,0
./train_v2/009a88723.jpg,158,404,183,429,0
./train_v2/009abe676.jpg,522,710,547,735,0
./train_v2/009bdad7b.jpg,331,64,356,89,0
./train_v2/009c23adc.jpg,43,468,68,493,0
./train_v2/009cdaffc.jpg,592,513,617,538,0
./train_v2/009d02050.jpg,257,703,282,728,0
./train_v2/009d02498.jpg,387,708,412,733,0
./train_v2/009d82942.jpg,55,154,80,179,0
./train_v2/009d9b565.jpg,576,679,601,704,0
./train_v2/009db82af.jpg,582,220,607,245,0
./train_v2/009e09a64.jpg,113,630,138,655,0
./train_v2/009e22bfb.jpg,421,319,495,480,1
./train_v2/009e2d63e.jpg,584,201,609,226,0
./train_v2/009eb0e0c.jpg,711,499,767,545,1
./train_v2/009ecdcd1.jpg,170,239,195,264,0
./train_v2/009f13556.jpg,617,611,642,636,0
./train_v2/009f3f058.jpg,425,425,450,450,0
./train_v2/009fb265e.jpg,213,519,238,544,0
./train_v2/009fcd170.jpg,592,328,617,353,0
./train_v2/009ff1a8e.jpg,332,346,357,371,0
./train_v2/00a0969df.jpg,208,502,233,527,0
./train_v2/00a177625.jpg,672,675,697,700,0
./train_v2/00a1aab5b.jpg,681,641,754,685,1
./train_v2/00a22caa9.jpg,556,194,581,219,0
./train_v2/00a2a6f9e.jpg,513,98,538,123,0
./train_v2/00a2dd872.jpg,92,142,117,167,0
./train_v2/00a355197.jpg,109,435,134,460,0
./train_v2/00a3780b5.jpg,55,611,80,636,0
./train_v2/00a3e57fe.jpg,538,687,563,712,0
./train_v2/00a4400d3.jpg,367,486,392,511,0
./train_v2/00a4ba88b.jpg,662,400,687,425,0
./train_v2/00a4bf025.jpg,210,725,235,750,0
./train_v2/00a5195bb.jpg,28,243,53,268,0
./train_v2/00a52cd2a.jpg,17,491,188,686,1
./train_v2/00a544bfd.jpg,723,271,748,296,0
./train_v2/00a57d4f6.jpg,230,90,255,115,0
./train_v2/00a5a195b.jpg,681,101,706,126,0
./train_v2/00a5ebe44.jpg,247,666,272,691,0
./train_v2/00a5f7e44.jpg,372,457,397,482,0
./train_v2/00a645e13.jpg,434,519,459,544,0
./train_v2/00a694b3e.jpg,22,392,47,417,0
./train_v2/00a6d0513.jpg,24,614,49,639,0
./train_v2/00a74a7fe.jpg,253,629,278,654,0
./train_v2/00a768806.jpg,183,432,208,457,0
./train_v2/00a7c6bed.jpg,697,36,722,61,0
./train_v2/00a802020.jpg,41,16,66,41,0
./train_v2/00a8afb91.jpg,507,445,532,470,0
./train_v2/00a8c3d3f.jpg,85,591,110,616,0
./train_v2/00a9b7ec4.jpg,460,53,485,78,0
./train_v2/00a9be085.jpg,220,280,290,302,1
./train_v2/00a9e2ec9.jpg,288,36,390,92,1
./train_v2/00aa60389.jpg,395,674,459,714,1
./train_v2/00aa6b360.jpg,52,101,77,126,0
./train_v2/00aa8b3ed.jpg,587,69,612,94,0
./train_v2/00aa97862.jpg,177,181,202,206,0
./train_v2/00ab42add.jpg,78,637,103,662,0
./train_v2/00ab5f960.jpg,519,545,544,570,0
./train_v2/00ab68758.jpg,484,384,509,409,0
./train_v2/00abc623a.jpg,57,465,165,481,1
./train_v2/00abee27d.jpg,243,492,268,517,0
./train_v2/00acaac4f.jpg,88,110,113,135,0
./train_v2/00ad1b99d.jpg,15,716,40,741,0
./train_v2/00ae308a0.jpg,721,92,746,117,0
./train_v2/00ae86931.jpg,348,488,373,513,0
./train_v2/00af75a14.jpg,216,560,241,585,0
./train_v2/00af95e86.jpg,415,318,440,343,0
./train_v2/00afeee04.jpg,199,560,224,585,0
./train_v2/00afef099.jpg,668,541,693,566,0
./train_v2/00b068427.jpg,303,697,328,722,0
./train_v2/00b08514a.jpg,190,396,215,421,0
./train_v2/00b101ed7.jpg,358,302,470,332,1
./train_v2/00b107acf.jpg,710,199,735,224,0
./train_v2/00b111ae4.jpg,186,689,211,714,0
./train_v2/00b12b824.jpg,51,223,76,248,0
./train_v2/00b1bf1a2.jpg,440,151,465,176,0
./train_v2/00b23ba7b.jpg,473,593,498,618,0
./train_v2/00b26721d.jpg,373,483,398,508,0
./train_v2/00b281ca9.jpg,592,174,617,199,0
./train_v2/00b2a7cbd.jpg,447,84,472,109,0
./train_v2/00b3251e8.jpg,384,622,409,647,0
./train_v2/00b32bc04.jpg,685,370,710,395,0
./train_v2/00b47a21b.jpg,207,485,232,510,0
./train_v2/00b499808.jpg,682,379,707,404,0
./train_v2/00b4e0964.jpg,724,147,749,172,0
./train_v2/00b50648d.jpg,83,221,108,246,0
./train_v2/00b547054.jpg,295,313,320,338,0
./train_v2/00b57297d.jpg,232,515,257,540,0
./train_v2/00b575504.jpg,69,299,94,324,0
./train_v2/00b590f9c.jpg,220,228,245,253,0
./train_v2/00b6a23c2.jpg,79,441,104,466,0
./train_v2/00b6a447c.jpg,211,116,236,141,0
./train_v2/00b75f639.jpg,1,211,26,236,0
./train_v2/00b846e38.jpg,410,647,435,672,0
./train_v2/00b860464.jpg,32,672,57,697,0
./train_v2/00b8679e1.jpg,98,619,123,644,0
./train_v2/00b8b6f4a.jpg,595,682,620,707,0
./train_v2/00b942b4d.jpg,103,375,128,400,0
./train_v2/00b9add0a.jpg,301,129,326,154,0
./train_v2/00b9c1695.jpg,428,450,453,475,0
./train_v2/00b9c4491.jpg,160,386,185,411,0
./train_v2/00ba1e4dd.jpg,735,364,760,389,0
./train_v2/00bb65eba.jpg,517,306,542,331,0
./train_v2/00bc02187.jpg,26,218,51,243,0
./train_v2/00bc32969.jpg,596,258,621,283,0
./train_v2/00bc5dcb4.jpg,62,380,87,405,0
./train_v2/00bc708e0.jpg,297,428,387,509,1
./train_v2/00bc80575.jpg,273,549,298,574,0
./train_v2/00bc9b822.jpg,390,597,415,622,0
./train_v2/00bd1820a.jpg,607,141,632,166,0
./train_v2/00bd8945d.jpg,92,610,117,635,0
./train_v2/00bda63d1.jpg,474,12,499,37,0
./train_v2/00bdb4df7.jpg,666,383,691,408,0
./train_v2/00be74b9b.jpg,405,450,430,475,0
./train_v2/00beafd62.jpg,566,635,591,660,0
./train_v2/00bf5cdfc.jpg,285,63,310,88,0
./train_v2/00bf86cc5.jpg,546,247,571,272,0
./train_v2/00bfb0282.jpg,624,276,649,301,0
./train_v2/00bfb6baf.jpg,616,131,641,156,0
./train_v2/00c0cc33f.jpg,97,653,122,678,0
./train_v2/00c0f5958.jpg,33,510,58,535,0
./train_v2/00c11862d.jpg,546,325,571,350,0
./train_v2/00c122ce1.jpg,283,727,308,752,0
./train_v2/00c15630e.jpg,297,327,322,352,0
./train_v2/00c1ea1a8.jpg,117,242,142,267,0
./train_v2/00c206813.jpg,234,664,259,689,0
./train_v2/00c28b072.jpg,184,231,209,256,0
./train_v2/00c3b7275.jpg,304,526,329,551,0
./train_v2/00c3bafa8.jpg,58,211,130,262,1
./train_v2/00c3e1386.jpg,384,254,506,286,1
./train_v2/00c47151c.jpg,107,647,132,672,0
./train_v2/00c498ef4.jpg,423,482,509,537,1
./train_v2/00c4be6fa.jpg,62,343,87,368,0
./train_v2/00c4d7198.jpg,23,559,48,584,0
./train_v2/00c5152fc.jpg,521,160,546,185,0
./train_v2/00c52886d.jpg,506,414,531,439,0
./train_v2/00c54cf6e.jpg,110,558,237,595,1
./train_v2/00c571edd.jpg,732,163,767,241,1
./train_v2/00c578cdd.jpg,633,415,658,440,0
./train_v2/00c5d05ab.jpg,671,312,696,337,0
./train_v2/00c5e4817.jpg,267,363,292,388,0
./train_v2/00c643d30.jpg,191,690,216,715,0
./train_v2/00c64e396.jpg,347,189,372,214,0
./train_v2/00c6914ce.jpg,321,522,346,547,0
./train_v2/00c6ad714.jpg,299,135,324,160,0
./train_v2/00c6e7244.jpg,637,434,662,459,0
./train_v2/00c724ba6.jpg,278,165,303,190,0
./train_v2/00c74d4fb.jpg,163,388,188,413,0
./train_v2/00c81c432.jpg,398,274,533,364,1
./train_v2/00c907d29.jpg,323,551,348,576,0
./train_v2/00c97988a.jpg,53,629,78,654,0
./train_v2/00cad4541.jpg,68,607,178,665,1
./train_v2/00cad69fb.jpg,506,102,531,127,0
./train_v2/00cafda46.jpg,638,149,663,174,0
./train_v2/00cb63085.jpg,452,403,477,428,0
./train_v2/00cb64f0b.jpg,121,5,146,30,0
./train_v2/00cbaedeb.jpg,574,568,599,593,0
./train_v2/00cc6e1ac.jpg,313,43,338,68,0
./train_v2/00cc874bd.jpg,436,130,461,155,0
./train_v2/00ccafdf1.jpg,542,397,567,422,0
./train_v2/00ccc3a09.jpg,189,681,214,706,0
./train_v2/00cd53ea8.jpg,564,659,589,684,0
./train_v2/00ce58589.jpg,52,137,77,162,0
./train_v2/00cfe6c74.jpg,548,517,573,542,0
./train_v2/00d0a646b.jpg,28,549,103,767,1
./train_v2/00d0cd3bd.jpg,578,373,603,398,0
./train_v2/00d12d3bb.jpg,317,454,342,479,0
./train_v2/00d13d6fc.jpg,636,498,661,523,0
./train_v2/00d1dc65b.jpg,390,222,415,247,0
./train_v2/00d206d06.jpg,524,284,549,309,0
./train_v2/00d25ceea.jpg,422,659,447,684,0
./train_v2/00d33f521.jpg,627,667,652,692,0
./train_v2/00d35510d.jpg,698,606,723,631,0
./train_v2/00d38a622.jpg,2,3,27,28,0
./train_v2/00d412548.jpg,644,374,767,560,1
./train_v2/00d435eae.jpg,65,194,90,219,0
./train_v2/00d58aa07.jpg,17,315,42,340,0
./train_v2/00d6233bc.jpg,254,402,279,427,0
./train_v2/00d69676f.jpg,689,222,714,247,0
./train_v2/00d779140.jpg,252,638,277,663,0
./train_v2/00d83c58e.jpg,253,103,278,128,0
./train_v2/00d85d54f.jpg,378,636,403,661,0
./train_v2/00d89dfdc.jpg,286,517,311,542,0
./train_v2/00d8c745b.jpg,467,335,492,360,0
./train_v2/00d9bb194.jpg,352,705,377,730,0
./train_v2/00da207ef.jpg,63,208,88,233,0
./train_v2/00da31dcb.jpg,333,436,358,461,0
./train_v2/00db890ad.jpg,653,349,678,374,0
./train_v2/00dc0b515.jpg,326,554,351,579,0
./train_v2/00dc72cbc.jpg,348,639,373,664,0
./train_v2/00dc8f0db.jpg,347,370,372,395,0
./train_v2/00dd07ddc.jpg,363,171,388,196,0
./train_v2/00dd14958.jpg,64,50,89,75,0
./train_v2/00dd2a895.jpg,661,174,686,199,0
./train_v2/00dd81ff6.jpg,641,529,666,554,0
./train_v2/00dda2177.jpg,649,696,674,721,0
./train_v2/00ddb1020.jpg,104,293,129,318,0
./train_v2/00ddbdbaf.jpg,729,479,754,504,0
./train_v2/00dea4e84.jpg,667,358,692,383,0
./train_v2/00df647a8.jpg,11,463,36,488,0
./train_v2/00dfa2e78.jpg,172,392,197,417,0
./train_v2/00e027839.jpg,539,451,564,476,0
./train_v2/00e036ef4.jpg,438,322,463,347,0
./train_v2/00e0bae17.jpg,182,319,207,344,0
./train_v2/00e0d2251.jpg,8,452,33,477,0
./train_v2/00e20e92c.jpg,712,71,737,96,0
./train_v2/00e29b68e.jpg,27,658,52,683,0
./train_v2/00e351c6f.jpg,184,7,209,32,0
./train_v2/00e36ca6b.jpg,606,105,631,130,0
./train_v2/00e3a7230.jpg,654,71,679,96,0
./train_v2/00e44fa55.jpg,359,239,480,318,1
./train_v2/00e4b52b2.jpg,736,21,767,82,1
./train_v2/00e56cc3c.jpg,277,431,394,517,1
./train_v2/00e58cfc2.jpg,262,441,287,466,0
./train_v2/00e5dcfec.jpg,435,496,460,521,0
./train_v2/00e68a451.jpg,482,322,507,347,0
./train_v2/00e7b68d6.jpg,104,558,129,583,0
./train_v2/00e7ee62a.jpg,180,483,205,508,0
./train_v2/00e82d97d.jpg,638,63,663,88,0
./train_v2/00e86b59c.jpg,723,24,748,49,0
./train_v2/00e886df9.jpg,621,621,646,646,0
./train_v2/00e890990.jpg,38,406,63,431,0
./train_v2/00e933e1f.jpg,701,239,726,264,0
./train_v2/00e9ce8b0.jpg,600,447,625,472,0
./train_v2/00ea16fd7.jpg,587,593,612,618,0
./train_v2/00ea2759e.jpg,37,211,62,236,0
./train_v2/00ead99e2.jpg,486,364,511,389,0
./train_v2/00eb42663.jpg,723,556,748,581,0
./train_v2/00ebaeafe.jpg,422,222,447,247,0
./train_v2/00ebbf232.jpg,191,658,216,683,0
./train_v2/00ec0c6aa.jpg,332,606,357,631,0
./train_v2/00ec1da9d.jpg,74,638,99,663,0
./train_v2/00ec746bb.jpg,21,668,46,693,0
./train_v2/00ecb6855.jpg,669,389,694,414,0
./train_v2/00ece0a62.jpg,90,132,115,157,0
./train_v2/00ed2bfdb.jpg,525,617,550,642,0
./train_v2/00ed5f01b.jpg,26,563,51,588,0
./train_v2/00eda2ebe.jpg,1,244,137,326,1
./train_v2/00ee04562.jpg,159,282,219,360,1
./train_v2/00ee21090.jpg,712,255,737,280,0
./train_v2/00ef28664.jpg,650,43,741,117,1
./train_v2/00efe6d6c.jpg,475,255,500,280,0
./train_v2/00f0068db.jpg,161,584,186,609,0
./train_v2/00f035e8f.jpg,538,207,563,232,0
./train_v2/00f0fb36a.jpg,433,313,458,338,0
./train_v2/00f103c9b.jpg,69,18,94,43,0
./train_v2/00f13daf2.jpg,365,207,390,232,0
./train_v2/00f18fac6.jpg,253,214,278,239,0
./train_v2/00f19e6bc.jpg,127,297,152,322,0
./train_v2/00f1ada8e.jpg,519,152,544,177,0
./train_v2/00f1c4f01.jpg,496,329,521,354,0
./train_v2/00f24b45c.jpg,322,131,347,156,0
./train_v2/00f283a9b.jpg,144,458,169,483,0
./train_v2/00f28b9db.jpg,200,416,225,441,0
./train_v2/00f2effbb.jpg,702,531,727,556,0
./train_v2/00f31a8aa.jpg,505,712,530,737,0
./train_v2/00f3473ab.jpg,577,451,602,476,0
./train_v2/00f3a34d7.jpg,705,45,730,70,0
./train_v2/00f3af8f9.jpg,200,733,225,758,0
./train_v2/00f3b3424.jpg,574,353,599,378,0
./train_v2/00f400aaf.jpg,506,310,531,335,0
./train_v2/00f4494b4.jpg,405,355,531,525,1
./train_v2/00f4cfc00.jpg,283,159,308,184,0
./train_v2/00f52a42b.jpg,285,23,310,48,0
./train_v2/00f65e651.jpg,351,248,376,273,0
./train_v2/00f6e4f76.jpg,726,413,751,438,0
./train_v2/00f708175.jpg,629,303,654,328,0
./train_v2/00f7eb6a6.jpg,344,614,369,639,0
./train_v2/00f86959f.jpg,737,389,762,414,0
./train_v2/00f8913dd.jpg,688,549,713,574,0
./train_v2/00f95db30.jpg,422,719,447,744,0
./train_v2/00f970313.jpg,613,713,638,738,0
./train_v2/00f9c9a23.jpg,481,282,506,307,0
./train_v2/00fa27dcf.jpg,355,677,380,702,0
./train_v2/00faeedcd.jpg,12,117,37,142,0
./train_v2/00fafce7f.jpg,351,403,376,428,0
./train_v2/00fb1dc8d.jpg,45,489,70,514,0
./train_v2/00fb4ec4c.jpg,661,82,686,107,0
./train_v2/00fc51232.jpg,326,208,351,233,0
./train_v2/00fc62a1b.jpg,733,452,758,477,0
./train_v2/00fcae382.jpg,189,99,214,124,0
./train_v2/00fcdb15c.jpg,405,615,430,640,0
./train_v2/00fd837c6.jpg,622,619,647,644,0
./train_v2/00febb0e8.jpg,152,404,177,429,0
./train_v2/00fed32a5.jpg,651,90,676,115,0
./train_v2/00fef1178.jpg,637,668,662,693,0
./train_v2/00ff06a1f.jpg,162,58,187,83,0
./train_v2/00ff19c7b.jpg,353,620,378,645,0
./train_v2/00ff5bd0b.jpg,349,308,374,333,0
./train_v2/00ffb2f7b.jpg,374,94,399,119,0
./train_v2/00ffc77a2.jpg,99,646,124,671,0
./train_v2/01000f132.jpg,577,209,627,365,1
./train_v2/0100a9375.jpg,448,197,473,222,0
./train_v2/0100e8d86.jpg,643,44,668,69,0
./train_v2/010121351.jpg,341,536,366,561,0
./train_v2/01015b885.jpg,252,298,277,323,0
./train_v2/01027d1d7.jpg,392,664,417,689,0
./train_v2/0102fbbf9.jpg,579,52,604,77,0
./train_v2/01031cea7.jpg,580,1,688,51,1
./train_v2/01034d8b2.jpg,208,282,233,307,0
./train_v2/010396a0e.jpg,561,576,642,731,1
./train_v2/0103b4a88.jpg,643,312,668,337,0
./train_v2/0103e6841.jpg,179,444,204,469,0
./train_v2/0104b9b90.jpg,357,667,382,692,0
./train_v2/0104e3167.jpg,695,607,720,632,0
./train_v2/0104e9f46.jpg,527,552,552,577,0
./train_v2/0105ced9b.jpg,669,49,694,74,0
./train_v2/0105cf277.jpg,250,4,275,29,0
./train_v2/0105f1088.jpg,616,377,641,402,0
./train_v2/010617112.jpg,273,169,298,194,0
./train_v2/010653dab.jpg,398,215,423,240,0
./train_v2/0106d8593.jpg,51,64,76,89,0
./train_v2/0106f90ae.jpg,51,305,76,330,0
./train_v2/0107be4c9.jpg,92,329,117,354,0
./train_v2/0107fc273.jpg,668,263,693,288,0
./train_v2/01081e803.jpg,90,423,115,448,0
./train_v2/01085d73e.jpg,651,259,676,284,0
./train_v2/0108ad899.jpg,32,106,57,131,0
./train_v2/0108b6dff.jpg,57,550,82,575,0
./train_v2/010a065a3.jpg,340,496,365,521,0
./train_v2/010a6fd46.jpg,520,424,545,449,0
./train_v2/010a8a01a.jpg,468,652,493,677,0
./train_v2/010b2f6bb.jpg,493,650,518,675,0
./train_v2/010b66d80.jpg,348,105,373,130,0
./train_v2/010babb89.jpg,51,530,76,555,0
./train_v2/010c52c16.jpg,229,499,254,524,0
./train_v2/010c876a9.jpg,485,395,510,420,0
./train_v2/010d15752.jpg,532,375,557,400,0
./train_v2/010d318f5.jpg,363,370,388,395,0
./train_v2/010d888b8.jpg,696,289,721,314,0
./train_v2/010d9cf33.jpg,88,179,113,204,0
./train_v2/010dfa6be.jpg,509,623,534,648,0
./train_v2/010e15afe.jpg,349,83,411,116,1
./train_v2/010f9d359.jpg,721,160,746,185,0
./train_v2/010fabc5d.jpg,565,434,590,459,0
./train_v2/010fafa3d.jpg,300,379,325,404,0
./train_v2/010ffc277.jpg,369,484,394,509,0
./train_v2/011027e4b.jpg,553,225,578,250,0
./train_v2/0110c8ea6.jpg,67,613,92,638,0
./train_v2/011121bb6.jpg,290,576,315,601,0
./train_v2/011137db1.jpg,134,82,159,107,0
./train_v2/011254c64.jpg,673,651,698,676,0
./train_v2/011257630.jpg,743,642,768,667,0
./train_v2/0113453bd.jpg,28,405,53,430,0
./train_v2/0113b313a.jpg,742,380,767,405,0
./train_v2/0113c917b.jpg,650,53,675,78,0
./train_v2/011426d17.jpg,734,685,759,710,0
./train_v2/01152a5d6.jpg,409,495,529,534,1
./train_v2/011589d1f.jpg,420,321,445,346,0
./train_v2/011598fb2.jpg,252,535,277,560,0
./train_v2/0115a40b5.jpg,11,278,36,303,0
./train_v2/0115b87f1.jpg,686,406,711,431,0
./train_v2/01176a2ab.jpg,353,369,378,394,0
./train_v2/0117736ac.jpg,230,706,255,731,0
./train_v2/0117bc68d.jpg,730,382,755,407,0
./train_v2/01184d414.jpg,738,339,763,364,0
./train_v2/01187f300.jpg,317,159,342,184,0
./train_v2/0118f7c76.jpg,144,618,169,643,0
./train_v2/011916094.jpg,540,394,565,419,0
./train_v2/01192dade.jpg,617,380,642,405,0
./train_v2/0119b3ef3.jpg,411,159,436,184,0
./train_v2/0119f8931.jpg,437,106,462,131,0
./train_v2/011a24ce7.jpg,677,1,767,178,1
./train_v2/011a32d23.jpg,39,508,64,533,0
./train_v2/011b4269f.jpg,453,163,478,188,0
./train_v2/011b9e390.jpg,302,468,327,493,0
./train_v2/011bd6a9c.jpg,413,95,438,120,0
./train_v2/011c07777.jpg,126,1,151,26,0
./train_v2/011d04e6a.jpg,311,363,336,388,0
./train_v2/011d2ada5.jpg,119,495,144,520,0
./train_v2/011d348b5.jpg,14,89,39,114,0
./train_v2/011d3c832.jpg,708,725,733,750,0
./train_v2/011d6d5cc.jpg,23,367,48,392,0
./train_v2/011e58797.jpg,642,181,667,206,0
./train_v2/011e85e74.jpg,620,604,645,629,0
./train_v2/011e93715.jpg,468,2,493,27,0
./train_v2/011ef970d.jpg,283,672,308,697,0
./train_v2/011f4ad27.jpg,506,282,531,307,0
./train_v2/011f9ac42.jpg,470,181,495,206,0
./train_v2/012080223.jpg,425,729,450,754,0
./train_v2/012083ce6.jpg,632,211,657,236,0
./train_v2/0121138f0.jpg,377,420,458,473,1
./train_v2/012178464.jpg,508,266,533,291,0
./train_v2/0121c76e4.jpg,734,63,759,88,0
./train_v2/0121dc132.jpg,186,603,211,628,0
./train_v2/01227fd61.jpg,63,395,88,420,0
./train_v2/0123698bd.jpg,595,549,620,574,0
./train_v2/0123813cf.jpg,106,325,131,350,0
./train_v2/0123b84ee.jpg,58,344,116,387,1
./train_v2/0123f6aad.jpg,261,356,286,381,0
./train_v2/012413c23.jpg,437,109,462,134,0
./train_v2/01242922e.jpg,673,476,698,501,0
./train_v2/012552aca.jpg,122,420,147,445,0
./train_v2/012650ade.jpg,693,582,718,607,0
./train_v2/0126e3200.jpg,510,346,535,371,0
./train_v2/01271188c.jpg,194,423,219,448,0
./train_v2/012735107.jpg,428,89,491,110,1
./train_v2/0127f4737.jpg,185,237,210,262,0
./train_v2/012a79ead.jpg,677,657,702,682,0
./train_v2/012b28358.jpg,591,687,616,712,0
./train_v2/012c055e7.jpg,1,379,184,610,1
./train_v2/012c93bbd.jpg,133,385,158,410,0
./train_v2/012d50c04.jpg,466,678,491,703,0
./train_v2/012d8cca1.jpg,494,289,519,314,0
./train_v2/012d9c145.jpg,393,721,468,767,1
./train_v2/012e1cf94.jpg,550,607,575,632,0
./train_v2/012e5c9b7.jpg,447,64,472,89,0
./train_v2/012e8cd9f.jpg,686,40,711,65,0
./train_v2/012ea07c8.jpg,392,89,417,114,0
./train_v2/012ea7445.jpg,283,604,308,629,0
./train_v2/012eae5d8.jpg,182,657,207,682,0
./train_v2/012ec00aa.jpg,530,281,555,306,0
./train_v2/012ed5bf4.jpg,185,188,210,213,0
./train_v2/012efb010.jpg,571,37,596,62,0
./train_v2/012f9f733.jpg,510,461,535,486,0
./train_v2/013048d62.jpg,492,218,566,273,1
./train_v2/01305423f.jpg,555,726,580,751,0
./train_v2/0130673b8.jpg,286,194,311,219,0
./train_v2/0131c32f0.jpg,652,599,677,624,0
./train_v2/013239316.jpg,343,68,368,93,0
./train_v2/013241413.jpg,420,140,445,165,0
./train_v2/01327d427.jpg,396,264,421,289,0
./train_v2/0132d82b5.jpg,234,540,259,565,0
./train_v2/01330c594.jpg,384,587,409,612,0
./train_v2/01330de35.jpg,152,504,177,529,0
./train_v2/013376057.jpg,39,595,64,620,0
./train_v2/01337ab2b.jpg,505,702,530,727,0
./train_v2/0133db8eb.jpg,69,675,94,700,0
./train_v2/0134d23cf.jpg,379,457,404,482,0
./train_v2/0134d6f8c.jpg,235,58,260,83,0
./train_v2/0135aa332.jpg,633,108,658,133,0
./train_v2/0135f9e05.jpg,276,462,301,487,0
./train_v2/01365c2c6.jpg,742,384,767,409,0
./train_v2/013690101.jpg,736,169,761,194,0
./train_v2/01370ecc5.jpg,296,517,321,542,0
./train_v2/01379d23e.jpg,49,555,74,580,0
./train_v2/0137e0c97.jpg,313,602,338,627,0
./train_v2/013853365.jpg,283,237,308,262,0
./train_v2/013877751.jpg,733,533,758,558,0
./train_v2/013894817.jpg,307,74,332,99,0
./train_v2/0138b5544.jpg,546,473,571,498,0
./train_v2/0138d99b8.jpg,55,90,80,115,0
./train_v2/01398b9f6.jpg,730,369,755,394,0
./train_v2/013ad4e54.jpg,17,40,42,65,0
./train_v2/013c67417.jpg,105,663,130,688,0
./train_v2/013daeba9.jpg,347,417,372,442,0
./train_v2/013de0034.jpg,368,51,393,76,0
./train_v2/013e52efa.jpg,667,215,692,240,0
./train_v2/013e8a916.jpg,200,441,225,466,0
./train_v2/013e8cbe4.jpg,354,274,379,299,0
./train_v2/013eb008f.jpg,488,697,513,722,0
./train_v2/013ebe2c7.jpg,461,210,486,235,0
./train_v2/013ee251e.jpg,153,326,178,351,0
./train_v2/013f26819.jpg,21,651,46,676,0
./train_v2/013f277d0.jpg,454,152,479,177,0
./train_v2/0140b622f.jpg,387,40,412,65,0
./train_v2/0140f5bef.jpg,641,329,666,354,0
./train_v2/0141b6094.jpg,408,421,433,446,0
./train_v2/01427bd61.jpg,506,276,531,301,0
./train_v2/014291085.jpg,59,339,84,364,0
./train_v2/0142b90f6.jpg,529,480,608,542,1
./train_v2/014339c19.jpg,36,548,61,573,0
./train_v2/0143632df.jpg,29,709,54,734,0
./train_v2/014374e14.jpg,193,416,255,429,1
./train_v2/01437aea5.jpg,552,696,577,721,0
./train_v2/0143da271.jpg,382,179,407,204,0
./train_v2/014448bec.jpg,194,564,219,589,0
./train_v2/014449f8d.jpg,739,265,764,290,0
./train_v2/0144781c3.jpg,560,82,585,107,0
./train_v2/0144a4c27.jpg,444,320,469,345,0
./train_v2/0144d4786.jpg,543,194,568,219,0
./train_v2/014559b92.jpg,71,335,96,360,0
./train_v2/014586e74.jpg,477,362,559,475,1
./train_v2/0145d0281.jpg,476,98,501,123,0
./train_v2/0145e8b12.jpg,337,484,362,509,0
./train_v2/0145ffe2c.jpg,615,229,640,254,0
./train_v2/01465ca54.jpg,299,657,324,682,0
./train_v2/0146bf806.jpg,521,180,546,205,0
./train_v2/01473660c.jpg,565,216,590,241,0
./train_v2/014773cfa.jpg,127,359,368,545,1
./train_v2/0148abbd1.jpg,207,5,232,30,0
./train_v2/0148d55ba.jpg,279,325,304,350,0
./train_v2/0149b4a95.jpg,227,216,252,241,0
./train_v2/014a47c36.jpg,181,696,206,721,0
./train_v2/014a97bcc.jpg,640,295,665,320,0
./train_v2/014af5d8a.jpg,357,420,382,445,0
./train_v2/014b91092.jpg,364,201,389,226,0
./train_v2/014bbaa2a.jpg,736,137,761,162,0
./train_v2/014bdd89c.jpg,641,25,666,50,0
./train_v2/014be8963.jpg,247,556,272,581,0
./train_v2/014c8e452.jpg,479,126,504,151,0
./train_v2/014dedbb2.jpg,708,404,733,429,0
./train_v2/014f42813.jpg,169,339,245,423,1
./train_v2/014fa87e1.jpg,187,430,212,455,0
./train_v2/014fcdd11.jpg,681,665,706,690,0
./train_v2/015076dc3.jpg,359,329,384,354,0
./train_v2/01512537a.jpg,232,42,257,67,0
./train_v2/015152aca.jpg,561,98,586,123,0
./train_v2/015160ad1.jpg,265,294,290,319,0
./train_v2/01517ad9d.jpg,658,16,683,41,0
./train_v2/015184606.jpg,628,214,653,239,0
./train_v2/015190caa.jpg,187,363,212,388,0
./train_v2/0151fc5c3.jpg,542,151,567,176,0
./train_v2/0152a6885.jpg,503,424,591,486,1
./train_v2/0152abc49.jpg,161,725,186,750,0
./train_v2/0152f58b6.jpg,581,255,654,298,1
./train_v2/01530ba04.jpg,554,179,713,273,1
./train_v2/015393e48.jpg,441,226,466,251,0
./train_v2/015399ad1.jpg,720,665,745,690,0
./train_v2/0153b1dd3.jpg,142,2,167,27,0
./train_v2/015401b11.jpg,529,644,554,669,0
./train_v2/01540976a.jpg,88,29,113,54,0
./train_v2/01545b14c.jpg,445,449,470,474,0
./train_v2/01546f41d.jpg,384,6,409,31,0
./train_v2/015586350.jpg,512,702,537,727,0
./train_v2/015609c9a.jpg,650,85,675,110,0
./train_v2/0156344de.jpg,264,180,289,205,0
./train_v2/01569c8cf.jpg,417,455,442,480,0
./train_v2/01574d5c1.jpg,224,593,249,618,0
./train_v2/0157a0505.jpg,592,580,617,605,0
./train_v2/0157d3298.jpg,261,41,286,66,0
./train_v2/0157f296b.jpg,527,737,552,762,0
./train_v2/0158029ef.jpg,121,85,146,110,0
./train_v2/01589db09.jpg,19,260,212,301,1
./train_v2/0158c7349.jpg,679,358,704,383,0
./train_v2/0158daba7.jpg,633,601,658,626,0
./train_v2/01590e50f.jpg,139,184,164,209,0
./train_v2/0159108c0.jpg,41,452,66,477,0
./train_v2/0159daa06.jpg,578,380,603,405,0
./train_v2/0159edf2f.jpg,21,735,46,760,0
./train_v2/015a66eca.jpg,373,247,398,272,0
./train_v2/015ac431d.jpg,130,465,155,490,0
./train_v2/015b0907b.jpg,428,558,453,583,0
./train_v2/015b2962a.jpg,271,489,447,767,1
./train_v2/015b3c123.jpg,115,265,140,290,0
./train_v2/015b9681c.jpg,107,632,132,657,0
./train_v2/015ca91e1.jpg,252,205,277,230,0
./train_v2/015d225be.jpg,5,596,30,621,0
./train_v2/015d9f6b2.jpg,633,443,707,552,1
./train_v2/015daf0d8.jpg,370,400,395,425,0
./train_v2/015defa37.jpg,648,537,673,562,0
./train_v2/015e22f26.jpg,497,133,522,158,0
./train_v2/015e56b00.jpg,47,216,125,290,1
./train_v2/015e70094.jpg,410,713,435,738,0
./train_v2/015e9ac6d.jpg,443,600,468,625,0
./train_v2/015e9eb9e.jpg,732,658,757,683,0
./train_v2/015f5051f.jpg,159,26,184,51,0
./train_v2/015f7c998.jpg,336,11,361,36,0
./train_v2/015fa191b.jpg,352,706,377,731,0
./train_v2/015fd80fd.jpg,185,287,210,312,0
./train_v2/016017695.jpg,58,386,173,442,1
./train_v2/0160a797d.jpg,72,370,186,424,1
./train_v2/0160ece45.jpg,321,617,346,642,0
./train_v2/01610f690.jpg,613,337,638,362,0
./train_v2/01619d221.jpg,283,687,308,712,0
./train_v2/0161b0b21.jpg,551,548,576,573,0
./train_v2/0161d22bc.jpg,704,379,729,404,0
./train_v2/0161d9a76.jpg,589,336,614,361,0
./train_v2/0161da107.jpg,631,290,656,315,0
./train_v2/0161faf00.jpg,549,725,574,750,0
./train_v2/016217b62.jpg,389,319,414,344,0
./train_v2/0162c9ef9.jpg,154,240,179,265,0
./train_v2/0162cf3dc.jpg,83,279,108,304,0
./train_v2/01630720b.jpg,246,254,271,279,0
./train_v2/016393769.jpg,608,395,633,420,0
./train_v2/0163a734e.jpg,388,575,413,600,0
./train_v2/01648de59.jpg,90,465,115,490,0
./train_v2/0164b277f.jpg,258,249,283,274,0
./train_v2/0164bd9d5.jpg,427,642,452,667,0
./train_v2/0164ecdcb.jpg,148,499,173,524,0
./train_v2/01655b455.jpg,671,148,696,173,0
./train_v2/01655f1d9.jpg,222,369,247,394,0
./train_v2/0166acde9.jpg,662,373,687,398,0
./train_v2/0166e4046.jpg,206,397,231,422,0
./train_v2/016765ab2.jpg,427,307,452,332,0
./train_v2/0168136f5.jpg,11,522,36,547,0
./train_v2/0168f7408.jpg,377,283,402,308,0
./train_v2/016975974.jpg,49,267,74,292,0
./train_v2/0169da4d2.jpg,175,152,200,177,0
./train_v2/016a83da6.jpg,605,292,630,317,0
./train_v2/016ac674e.jpg,40,279,65,304,0
./train_v2/016ad56c1.jpg,576,123,601,148,0
./train_v2/016b30735.jpg,678,237,703,262,0
./train_v2/016b781a9.jpg,247,39,348,131,1
./train_v2/016ba1d67.jpg,246,152,271,177,0
./train_v2/016bb0883.jpg,571,52,596,77,0
./train_v2/016bb0df6.jpg,187,652,299,698,1
./train_v2/016be8f13.jpg,706,118,731,143,0
./train_v2/016c0da98.jpg,213,510,238,535,0
./train_v2/016c70afa.jpg,105,380,130,405,0
./train_v2/016ca71c9.jpg,49,682,136,741,1
./train_v2/016cc6b10.jpg,536,690,561,715,0
./train_v2/016d1261c.jpg,544,557,569,582,0
./train_v2/016d67401.jpg,303,178,328,203,0
./train_v2/016dcd260.jpg,475,381,573,451,1
./train_v2/016e2f16b.jpg,387,163,412,188,0
./train_v2/016e595f3.jpg,626,492,651,517,0
./train_v2/016ea4dbf.jpg,607,590,632,615,0
./train_v2/016ec07ac.jpg,161,658,221,767,1
./train_v2/016eef9de.jpg,349,230,374,255,0
./train_v2/016f50f79.jpg,511,733,536,758,0
./train_v2/016f89755.jpg,573,616,598,641,0
./train_v2/017009f19.jpg,525,442,550,467,0
./train_v2/01702066a.jpg,560,369,585,394,0
./train_v2/0170d5be7.jpg,643,51,668,76,0
./train_v2/0170e87c8.jpg,720,74,745,99,0
./train_v2/01712474d.jpg,407,300,432,325,0
./train_v2/0171499be.jpg,272,187,354,233,1
./train_v2/01715451e.jpg,80,538,105,563,0
./train_v2/0172c7d99.jpg,456,581,481,606,0
./train_v2/01731010a.jpg,421,602,446,627,0
./train_v2/01732cb4f.jpg,429,701,454,726,0
./train_v2/0173446a0.jpg,648,377,673,402,0
./train_v2/017361f07.jpg,587,351,612,376,0
./train_v2/01749de7d.jpg,616,240,641,265,0
./train_v2/0174b528f.jpg,726,207,751,232,0
./train_v2/0174eff5b.jpg,55,558,80,583,0
./train_v2/01757275a.jpg,618,685,643,710,0
./train_v2/0175ceae6.jpg,243,597,268,622,0
./train_v2/01764691f.jpg,400,344,425,369,0
./train_v2/0176ce7b1.jpg,610,707,635,732,0
./train_v2/0177b7a2f.jpg,57,526,82,551,0
./train_v2/0178084d0.jpg,687,217,750,254,1
./train_v2/017826c29.jpg,345,581,444,726,1
./train_v2/017857c94.jpg,175,296,200,321,0
./train_v2/0178a6a0f.jpg,200,618,225,643,0
./train_v2/0178a78ec.jpg,1,558,85,651,1
./train_v2/01795394e.jpg,740,483,765,508,0
./train_v2/01796b428.jpg,524,692,549,717,0
./train_v2/0179b53bb.jpg,511,422,536,447,0
./train_v2/0179f1b7e.jpg,283,471,308,496,0
./train_v2/017a278ad.jpg,270,303,295,328,0
./train_v2/017a2a2a2.jpg,274,348,299,373,0
./train_v2/017a3a722.jpg,30,19,94,40,1
./train_v2/017a5f1aa.jpg,375,676,400,701,0
./train_v2/017afc2d5.jpg,154,252,179,277,0
./train_v2/017b8be5a.jpg,382,468,603,523,1
./train_v2/017c1ed56.jpg,427,362,452,387,0
./train_v2/017c1f6f3.jpg,195,431,220,456,0
./train_v2/017c6a70c.jpg,653,46,678,71,0
./train_v2/017c6ef2e.jpg,328,63,353,88,0
./train_v2/017c96a1d.jpg,419,401,444,426,0
./train_v2/017e71075.jpg,571,173,596,198,0
./train_v2/017edc6f0.jpg,437,341,462,366,0
./train_v2/017f86fa2.jpg,640,491,665,516,0
./train_v2/017ffa4e5.jpg,263,258,288,283,0
./train_v2/018098688.jpg,189,707,214,732,0
./train_v2/01819bdb1.jpg,222,118,247,143,0
./train_v2/0181c8d30.jpg,269,551,294,576,0
./train_v2/0181eb130.jpg,525,521,550,546,0
./train_v2/0183289cb.jpg,5,278,30,303,0
./train_v2/018358bc3.jpg,670,237,695,262,0
./train_v2/0183d3b45.jpg,444,221,469,246,0
./train_v2/0183e639d.jpg,93,289,118,314,0
./train_v2/0184228e0.jpg,608,729,633,754,0
./train_v2/01843a5ec.jpg,641,63,666,88,0
./train_v2/01849f537.jpg,251,176,276,201,0
./train_v2/0185015c1.jpg,320,541,405,569,1
./train_v2/01850fc71.jpg,237,731,262,756,0
./train_v2/01853c2b1.jpg,408,556,433,581,0
./train_v2/0185849b9.jpg,626,124,651,149,0
./train_v2/0185abb5b.jpg,672,79,697,104,0
./train_v2/0185bdda1.jpg,554,542,579,567,0
./train_v2/0185f1bec.jpg,294,137,380,176,1
./train_v2/01868e730.jpg,534,100,559,125,0
./train_v2/01874d60b.jpg,602,397,671,427,1
./train_v2/01875125d.jpg,332,378,357,403,0
./train_v2/018764c0b.jpg,395,638,420,663,0
./train_v2/01879ce11.jpg,504,598,529,623,0
./train_v2/01884e3ef.jpg,395,710,420,735,0
./train_v2/018860b59.jpg,50,402,75,427,0
./train_v2/018bdb40b.jpg,210,357,235,382,0
./train_v2/018c0ccba.jpg,509,155,534,180,0
./train_v2/018c1ff4d.jpg,452,243,477,268,0
./train_v2/018c28853.jpg,655,99,680,124,0
./train_v2/018c4ba23.jpg,500,665,580,710,1
./train_v2/018ce6938.jpg,77,712,102,737,0
./train_v2/018d6daa2.jpg,114,114,139,139,0
./train_v2/018e02dfd.jpg,116,67,141,92,0
./train_v2/018e8bf12.jpg,228,224,295,330,1
./train_v2/018ecdfbc.jpg,338,497,363,522,0
./train_v2/018f2702d.jpg,618,587,643,612,0
./train_v2/018f39921.jpg,530,351,555,376,0
./train_v2/018f45cf2.jpg,527,711,552,736,0
./train_v2/018f564e1.jpg,376,227,401,252,0
./train_v2/018f88616.jpg,587,176,612,201,0
./train_v2/018fcac44.jpg,175,345,200,370,0
./train_v2/018feb9a1.jpg,461,457,486,482,0
./train_v2/018fec62f.jpg,92,92,117,117,0
./train_v2/0190215b2.jpg,518,589,579,650,1
./train_v2/0190f8de4.jpg,212,546,237,571,0
./train_v2/01916382f.jpg,306,616,331,641,0
./train_v2/0191d6ae7.jpg,695,297,720,322,0
./train_v2/019252dca.jpg,39,424,64,449,0
./train_v2/01926932c.jpg,556,238,581,263,0
./train_v2/0192ba27a.jpg,367,165,392,190,0
./train_v2/019336267.jpg,698,358,723,383,0
./train_v2/019467af7.jpg,402,165,427,190,0
./train_v2/019491575.jpg,72,45,97,70,0
./train_v2/0194ec007.jpg,609,573,634,598,0
./train_v2/01953adb5.jpg,146,665,171,690,0
./train_v2/019545871.jpg,509,488,534,513,0
./train_v2/01956d0c9.jpg,736,25,761,50,0
./train_v2/0195bed5f.jpg,316,364,341,389,0
./train_v2/01968c2b3.jpg,434,62,459,87,0
./train_v2/0196a851b.jpg,491,39,516,64,0
./train_v2/01973eba5.jpg,414,529,439,554,0
./train_v2/0197eac3f.jpg,704,726,767,763,1
./train_v2/019816c1f.jpg,363,459,388,484,0
./train_v2/0198534d2.jpg,711,713,767,767,1
./train_v2/0198713b4.jpg,667,137,748,257,1
./train_v2/0198728be.jpg,651,303,704,400,1
./train_v2/0199876d1.jpg,159,480,184,505,0
./train_v2/019a3ff0d.jpg,283,77,308,102,0
./train_v2/019bd7ee0.jpg,281,196,306,221,0
./train_v2/019c45bdf.jpg,431,473,494,510,1
./train_v2/019cd10ef.jpg,180,463,205,488,0
./train_v2/019da3e0f.jpg,389,307,414,332,0
./train_v2/019ddb677.jpg,162,638,187,663,0
./train_v2/019e0d818.jpg,640,211,665,236,0
./train_v2/019e531ac.jpg,458,579,483,604,0
./train_v2/019e54cd0.jpg,710,683,735,708,0
./train_v2/019ec8483.jpg,286,121,311,146,0
./train_v2/019f47360.jpg,592,85,617,110,0
./train_v2/019f4d040.jpg,119,265,144,290,0
./train_v2/019f68974.jpg,630,433,655,458,0
./train_v2/01a0301b1.jpg,436,687,461,712,0
./train_v2/01a06e52a.jpg,428,8,453,33,0
./train_v2/01a07bedb.jpg,602,452,627,477,0
./train_v2/01a0c450b.jpg,357,200,382,225,0
./train_v2/01a1a2bd3.jpg,192,357,217,382,0
./train_v2/01a1e6260.jpg,81,338,146,366,1
./train_v2/01a263ff6.jpg,169,37,194,62,0
./train_v2/01a26b9d5.jpg,126,192,151,217,0
./train_v2/01a323a4e.jpg,148,450,173,475,0
./train_v2/01a441c31.jpg,613,602,638,627,0
./train_v2/01a4552ee.jpg,597,526,622,551,0
./train_v2/01a4b42b1.jpg,639,580,664,605,0
./train_v2/01a54e304.jpg,152,738,177,763,0
./train_v2/01a5dda59.jpg,70,483,95,508,0
./train_v2/01a641980.jpg,160,181,185,206,0
./train_v2/01a64f829.jpg,253,147,278,172,0
./train_v2/01a6582a0.jpg,377,706,402,731,0
./train_v2/01a6933db.jpg,294,434,319,459,0
./train_v2/01a6dbc4e.jpg,451,531,476,556,0
./train_v2/01a7af49c.jpg,299,638,324,663,0
./train_v2/01a7fb8ef.jpg,684,558,709,583,0
./train_v2/01a88d07a.jpg,213,592,238,617,0
./train_v2/01a8ab128.jpg,107,375,132,400,0
./train_v2/01a8c8bff.jpg,454,523,479,548,0
./train_v2/01a90519e.jpg,285,541,310,566,0
./train_v2/01a978a80.jpg,660,42,685,67,0
./train_v2/01a9daf54.jpg,103,641,128,666,0
./train_v2/01aaa7cb9.jpg,314,306,339,331,0
./train_v2/01aacf989.jpg,713,557,738,582,0
./train_v2/01ab7ccf3.jpg,729,174,754,199,0
./train_v2/01ab980a2.jpg,72,286,97,311,0
./train_v2/01abc0110.jpg,372,424,397,449,0
./train_v2/01abe8621.jpg,726,366,751,391,0
./train_v2/01ac494f0.jpg,298,739,323,764,0
./train_v2/01acf3a1a.jpg,640,476,690,506,1
./train_v2/01ad3292b.jpg,194,494,219,519,0
./train_v2/01ad35fcb.jpg,64,371,135,412,1
./train_v2/01ad4720f.jpg,717,498,742,523,0
./train_v2/01ad7bca7.jpg,223,395,248,420,0
./train_v2/01adaf31e.jpg,2,656,27,681,0
./train_v2/01ade0c01.jpg,301,224,326,249,0
./train_v2/01ade5c96.jpg,707,342,732,367,0
./train_v2/01ae0d9e2.jpg,214,63,239,88,0
./train_v2/01ae15700.jpg,433,114,458,139,0
./train_v2/01ae5abe6.jpg,55,431,80,456,0
./train_v2/01aeb9c8e.jpg,214,269,239,294,0
./train_v2/01aed7da3.jpg,539,637,564,662,0
./train_v2/01af21092.jpg,259,714,284,739,0
./train_v2/01b022966.jpg,709,153,734,178,0
./train_v2/01b0394b8.jpg,571,457,596,482,0
./train_v2/01b132e78.jpg,683,448,708,473,0
./train_v2/01b14a36d.jpg,522,552,547,577,0
./train_v2/01b1860bf.jpg,287,187,312,212,0
./train_v2/01b189662.jpg,28,351,53,376,0
./train_v2/01b19502c.jpg,480,207,505,232,0
./train_v2/01b1d8dbf.jpg,385,183,410,208,0
./train_v2/01b24c781.jpg,222,483,247,508,0
./train_v2/01b267948.jpg,63,254,159,347,1
./train_v2/01b2775b0.jpg,663,639,688,664,0
./train_v2/01b33d41f.jpg,156,297,181,322,0
./train_v2/01b3ac383.jpg,660,191,685,216,0
./train_v2/01b3c3cab.jpg,719,460,744,485,0
./train_v2/01b427d00.jpg,123,614,148,639,0
./train_v2/01b504adc.jpg,488,406,513,431,0
./train_v2/01b524ff3.jpg,108,47,211,79,1
./train_v2/01b57e020.jpg,187,30,212,55,0
./train_v2/01b5d812c.jpg,174,268,199,293,0
./train_v2/01b60dfc0.jpg,471,732,496,757,0
./train_v2/01b674372.jpg,154,562,179,587,0
./train_v2/01b70334e.jpg,659,351,684,376,0
./train_v2/01b733ffd.jpg,119,602,144,627,0
./train_v2/01b784148.jpg,355,87,380,112,0
./train_v2/01b84585c.jpg,651,472,676,497,0
./train_v2/01b88e0da.jpg,247,196,352,294,1
./train_v2/01b96ba8f.jpg,73,675,98,700,0
./train_v2/01bb07c7d.jpg,597,210,767,479,1
./train_v2/01bbbec8e.jpg,27,30,52,55,0
./train_v2/01bc89e10.jpg,735,510,760,535,0
./train_v2/01bc908db.jpg,490,723,547,761,1
./train_v2/01bcbc67d.jpg,280,375,305,400,0
./train_v2/01bd9e043.jpg,568,37,593,62,0
./train_v2/01bdb7220.jpg,540,521,565,546,0
./train_v2/01bdc407f.jpg,341,433,366,458,0
./train_v2/01bdd5981.jpg,252,127,277,152,0
./train_v2/01bdfc055.jpg,297,683,322,708,0
./train_v2/01be82522.jpg,168,268,193,293,0
./train_v2/01bead3dd.jpg,242,63,267,88,0
./train_v2/01bf9ea23.jpg,381,618,406,643,0
./train_v2/01c084bc3.jpg,673,537,698,562,0
./train_v2/01c11fdcf.jpg,285,222,310,247,0
./train_v2/01c13a478.jpg,514,654,539,679,0
./train_v2/01c1c7c52.jpg,687,61,712,86,0
./train_v2/01c24645e.jpg,359,96,384,121,0
./train_v2/01c261f85.jpg,188,656,213,681,0
./train_v2/01c35c219.jpg,66,19,216,77,1
./train_v2/01c38e384.jpg,146,91,171,116,0
./train_v2/01c3c0234.jpg,404,234,429,259,0
./train_v2/01c40dc0c.jpg,284,588,309,613,0
./train_v2/01c454635.jpg,624,505,649,530,0
./train_v2/01c4562ea.jpg,310,478,335,503,0
./train_v2/01c630212.jpg,160,459,185,484,0
./train_v2/01c6a88e0.jpg,502,446,527,471,0
./train_v2/01c73738b.jpg,258,271,283,296,0
./train_v2/01c78e866.jpg,547,1,662,59,1
./train_v2/01c8395ef.jpg,363,193,434,208,1
./train_v2/01c94cda3.jpg,128,591,153,616,0
./train_v2/01c958505.jpg,367,264,392,289,0
./train_v2/01c99b29b.jpg,302,19,375,50,1
./train_v2/01c99f2f5.jpg,703,143,767,232,1
./train_v2/01c9a4743.jpg,576,176,601,201,0
./train_v2/01ca6f780.jpg,628,606,653,631,0
./train_v2/01caa731a.jpg,322,507,410,767,1
./train_v2/01cb271f6.jpg,629,275,654,300,0
./train_v2/01cc76139.jpg,285,640,310,665,0
./train_v2/01cd157a1.jpg,345,424,370,449,0
./train_v2/01cd433c0.jpg,517,714,542,739,0
./train_v2/01ce1dcb6.jpg,406,473,431,498,0
./train_v2/01ce58aa5.jpg,425,688,450,713,0
./train_v2/01cedd5f6.jpg,642,127,667,152,0
./train_v2/01cef1d48.jpg,133,181,158,206,0
./train_v2/01cf421d5.jpg,559,148,584,173,0
./train_v2/01cfb8b92.jpg,731,527,756,552,0
./train_v2/01d0b0001.jpg,131,637,156,662,0
./train_v2/01d1506bd.jpg,676,714,701,739,0
./train_v2/01d18136d.jpg,424,418,449,443,0
./train_v2/01d1b6e1b.jpg,132,382,157,407,0
./train_v2/01d2a4440.jpg,295,483,410,555,1
./train_v2/01d2aadfa.jpg,408,123,433,148,0
./train_v2/01d33ce8d.jpg,367,398,392,423,0
./train_v2/01d352deb.jpg,148,463,173,488,0
./train_v2/01d4c73e2.jpg,20,237,45,262,0
./train_v2/01d53e0bd.jpg,397,243,422,268,0
./train_v2/01d55b4bf.jpg,448,269,473,294,0
./train_v2/01d607a82.jpg,101,679,126,704,0
./train_v2/01d653480.jpg,476,489,501,514,0
./train_v2/01d6b0dda.jpg,502,553,527,578,0
./train_v2/01d6ba227.jpg,626,384,651,409,0
./train_v2/01d6c0ada.jpg,299,13,381,173,1
./train_v2/01d76c50c.jpg,113,283,138,308,0
./train_v2/01d7af1dd.jpg,611,128,636,153,0
./train_v2/01d7b3c4b.jpg,246,718,271,743,0
./train_v2/01d8266ea.jpg,600,165,625,190,0
./train_v2/01d83dd8a.jpg,743,48,768,73,0
./train_v2/01d85d282.jpg,317,301,342,326,0
./train_v2/01d8d0ef7.jpg,66,277,177,350,1
./train_v2/01d90a961.jpg,298,84,323,109,0
./train_v2/01d92b966.jpg,316,456,341,481,0
./train_v2/01d9459a7.jpg,735,164,760,189,0
./train_v2/01d956a2b.jpg,264,198,289,223,0
./train_v2/01d98a868.jpg,521,665,648,728,1
./train_v2/01da3b601.jpg,217,140,242,165,0
./train_v2/01da5a2de.jpg,212,646,406,737,1
./train_v2/01da9c2df.jpg,17,334,42,359,0
./train_v2/01db841e2.jpg,182,645,207,670,0
./train_v2/01dbc47bb.jpg,393,679,418,704,0
./train_v2/01dcf15d1.jpg,724,435,749,460,0
./train_v2/01ddda053.jpg,89,688,114,713,0
./train_v2/01de1273b.jpg,437,387,539,494,1
./train_v2/01de2fc25.jpg,442,656,467,681,0
./train_v2/01df54887.jpg,316,451,341,476,0
./train_v2/01e06b76d.jpg,53,687,78,712,0
./train_v2/01e0ad03e.jpg,478,78,503,103,0
./train_v2/01e0fbf33.jpg,521,294,546,319,0
./train_v2/01e1d56d0.jpg,64,160,89,185,0
./train_v2/01e2f88db.jpg,185,169,210,194,0
./train_v2/01e33f740.jpg,331,378,418,523,1
./train_v2/01e34d51f.jpg,523,560,548,585,0
./train_v2/01e3d543c.jpg,407,411,432,436,0
./train_v2/01e4019bc.jpg,13,528,120,767,1
./train_v2/01e4fdbed.jpg,469,732,494,757,0
./train_v2/01e583366.jpg,472,446,497,471,0
./train_v2/01e669b5c.jpg,676,424,701,449,0
./train_v2/01e744922.jpg,155,302,222,341,1
./train_v2/01e754831.jpg,250,711,275,736,0
./train_v2/01e76c35d.jpg,327,447,352,472,0
./train_v2/01e85a3da.jpg,536,504,561,529,0
./train_v2/01e899165.jpg,159,61,184,86,0
./train_v2/01e8e51ec.jpg,204,644,229,669,0
./train_v2/01e90fdbf.jpg,416,345,441,370,0
./train_v2/01e97ce7e.jpg,320,575,345,600,0
./train_v2/01ea4820f.jpg,486,489,511,514,0
./train_v2/01ea6e925.jpg,120,321,145,346,0
./train_v2/01ebe1831.jpg,376,279,401,304,0
./train_v2/01ec3ac77.jpg,357,255,382,280,0
./train_v2/01ec512cd.jpg,578,285,603,310,0
./train_v2/01ecad2c6.jpg,29,65,128,248,1
./train_v2/01ecba9b4.jpg,529,357,554,382,0
./train_v2/01ed70c58.jpg,542,696,567,721,0
./train_v2/01ed87ecb.jpg,385,671,410,696,0
./train_v2/01ee06d13.jpg,163,648,188,673,0
./train_v2/01eff2f3e.jpg,579,615,641,676,1
./train_v2/01f0f3e8e.jpg,62,346,87,371,0
./train_v2/01f0f8691.jpg,17,600,42,625,0
./train_v2/01f127bf3.jpg,134,123,159,148,0
./train_v2/01f133b24.jpg,135,514,160,539,0
./train_v2/01f138bd3.jpg,159,222,184,247,0
./train_v2/01f275b9e.jpg,571,372,596,397,0
./train_v2/01f276783.jpg,36,453,240,700,1
./train_v2/01f343e18.jpg,676,43,701,68,0
./train_v2/01f3589ac.jpg,325,425,350,450,0
./train_v2/01f3a118c.jpg,420,612,445,637,0
./train_v2/01f3e5e2a.jpg,94,223,119,248,0
./train_v2/01f417d42.jpg,2,706,27,731,0
./train_v2/01f445805.jpg,570,558,595,583,0
./train_v2/01f4debc0.jpg,199,546,319,581,1
./train_v2/01f4e6453.jpg,104,260,129,285,0
./train_v2/01f560d41.jpg,113,369,138,394,0
./train_v2/01f5c0de7.jpg,601,470,626,495,0
./train_v2/01f5d2d51.jpg,512,475,537,500,0
./train_v2/01f5f84b8.jpg,542,639,567,664,0
./train_v2/01f6aa085.jpg,466,134,491,159,0
./train_v2/01f6d8bed.jpg,426,122,451,147,0
./train_v2/01f6deb32.jpg,674,58,699,83,0
./train_v2/01f7774f0.jpg,252,431,277,456,0
./train_v2/01f8ce131.jpg,354,598,379,623,0
./train_v2/01f8d9946.jpg,395,169,420,194,0
./train_v2/01f959675.jpg,528,111,553,136,0
./train_v2/01faa3823.jpg,489,471,514,496,0
./train_v2/01fb30fc6.jpg,171,136,196,161,0
./train_v2/01fb4fd02.jpg,124,112,149,137,0
./train_v2/01fb92c91.jpg,151,709,176,734,0
./train_v2/01fbf3945.jpg,12,711,37,736,0
./train_v2/01fc324bf.jpg,20,721,45,746,0
./train_v2/01fc8ccf6.jpg,222,390,247,415,0
./train_v2/01fd4ed98.jpg,641,666,666,691,0
./train_v2/01fd5409e.jpg,141,491,166,516,0
./train_v2/01fd967f2.jpg,700,724,725,749,0
./train_v2/01fdb9246.jpg,81,133,106,158,0
./train_v2/01fdbadc8.jpg,167,639,237,711,1
./train_v2/01fe0cf6a.jpg,555,37,580,62,0
./train_v2/01ffc8393.jpg,53,363,78,388,0
./train_v2/020029331.jpg,632,740,657,765,0
./train_v2/0200505ee.jpg,611,472,706,515,1
./train_v2/0200612e9.jpg,566,292,677,567,1
./train_v2/0200e3e24.jpg,4,403,29,428,0
./train_v2/020127248.jpg,640,675,665,700,0
./train_v2/020128a8d.jpg,295,320,415,376,1
./train_v2/020202827.jpg,629,653,654,678,0
./train_v2/02021c2f9.jpg,421,409,511,433,1
./train_v2/0202c39b7.jpg,555,88,580,113,0
./train_v2/020323dde.jpg,379,126,404,151,0
./train_v2/02032b659.jpg,618,689,643,714,0
./train_v2/02033af48.jpg,320,447,413,639,1
./train_v2/0203650de.jpg,126,656,151,681,0
./train_v2/0203f42c6.jpg,289,284,314,309,0
./train_v2/0204536e9.jpg,202,644,227,669,0
./train_v2/0204590ef.jpg,551,333,576,358,0
./train_v2/02049e814.jpg,528,701,553,726,0
./train_v2/020523e06.jpg,130,182,155,207,0
./train_v2/02052ec8c.jpg,477,600,502,625,0
./train_v2/020682f4a.jpg,635,296,660,321,0
./train_v2/0206d5f07.jpg,86,60,111,85,0
./train_v2/0206d9a62.jpg,268,616,293,641,0
./train_v2/0206db0da.jpg,160,587,185,612,0
./train_v2/02076894e.jpg,487,20,512,45,0
./train_v2/0208dfe73.jpg,584,685,609,710,0
./train_v2/020988a92.jpg,366,619,391,644,0
./train_v2/020a436a7.jpg,98,564,123,589,0
./train_v2/020aa1a39.jpg,280,230,568,406,1
./train_v2/020b28a3a.jpg,688,618,713,643,0
./train_v2/020b6a9f0.jpg,193,159,218,184,0
./train_v2/020d34070.jpg,389,295,414,320,0
./train_v2/020d6aa9b.jpg,356,738,381,763,0
./train_v2/020dc83c1.jpg,450,702,475,727,0
./train_v2/020eb20ee.jpg,365,325,390,350,0
./train_v2/020eb3654.jpg,578,371,662,574,1
./train_v2/020f11a05.jpg,575,553,600,578,0
./train_v2/020f1afe8.jpg,303,174,481,460,1
./train_v2/020f43406.jpg,330,40,355,65,0
./train_v2/020f806f2.jpg,66,593,91,618,0
./train_v2/0210dc4fb.jpg,488,24,513,49,0
./train_v2/021163e69.jpg,414,535,439,560,0
./train_v2/0211c0c59.jpg,83,161,108,186,0
./train_v2/0211eaf35.jpg,603,103,628,128,0
./train_v2/0212260d7.jpg,656,686,681,711,0
./train_v2/0213d42d5.jpg,10,280,35,305,0
./train_v2/0213ddbed.jpg,125,401,150,426,0
./train_v2/02141b043.jpg,76,30,101,55,0
./train_v2/0214d2b6f.jpg,694,721,719,746,0
./train_v2/0214e209d.jpg,269,479,294,504,0
./train_v2/021529dfe.jpg,51,155,76,180,0
./train_v2/02153fa85.jpg,30,349,55,374,0
./train_v2/021565350.jpg,112,736,137,761,0
./train_v2/0216192f6.jpg,318,709,343,734,0
./train_v2/0216528ec.jpg,539,432,564,457,0
./train_v2/0216681a3.jpg,402,524,427,549,0
./train_v2/0216c8e5d.jpg,4,581,29,606,0
./train_v2/0217ae7c8.jpg,689,7,714,32,0
./train_v2/0218636b3.jpg,613,570,638,595,0
./train_v2/0218fb9e0.jpg,741,169,766,194,0
./train_v2/02192e46a.jpg,684,477,709,502,0
./train_v2/021947aed.jpg,79,199,104,224,0
./train_v2/021a4cc34.jpg,568,598,593,623,0
./train_v2/021ac7586.jpg,78,349,103,374,0
./train_v2/021af528e.jpg,163,685,188,710,0
./train_v2/021bcb626.jpg,238,637,263,662,0
./train_v2/021c8200e.jpg,194,652,219,677,0
./train_v2/021d125fb.jpg,140,564,165,589,0
./train_v2/021d2b30c.jpg,24,477,49,502,0
./train_v2/021d42ffc.jpg,422,280,447,305,0
./train_v2/021d57a04.jpg,158,588,183,613,0
./train_v2/021ded580.jpg,109,363,134,388,0
./train_v2/021e2b4dd.jpg,133,538,402,767,1
./train_v2/021e5ad03.jpg,10,139,35,164,0
./train_v2/021ec54cd.jpg,361,622,386,647,0
./train_v2/021f5a5c2.jpg,105,544,130,569,0
./train_v2/021f7c44f.jpg,514,26,539,51,0
./train_v2/02208125e.jpg,364,721,389,746,0
./train_v2/0220a05f4.jpg,84,552,109,577,0
./train_v2/02213ec5c.jpg,475,441,500,466,0
./train_v2/022157fd2.jpg,371,422,396,447,0
./train_v2/02217bf07.jpg,317,57,342,82,0
./train_v2/02219efd7.jpg,216,417,241,442,0
./train_v2/0221ba171.jpg,471,691,496,716,0
./train_v2/0221c3d75.jpg,727,70,752,95,0
./train_v2/0221dbca9.jpg,492,448,517,473,0
./train_v2/02224f66f.jpg,434,735,522,766,1
./train_v2/022395edf.jpg,353,265,378,290,0
./train_v2/022444d9e.jpg,354,498,379,523,0
./train_v2/0224562c4.jpg,714,67,739,92,0
./train_v2/0225e1c57.jpg,593,439,618,464,0
./train_v2/0225ea6d7.jpg,678,76,703,101,0
./train_v2/02271e55b.jpg,218,39,243,64,0
./train_v2/0227e4755.jpg,380,337,439,415,1
./train_v2/022813f81.jpg,375,571,400,596,0
./train_v2/0228180b5.jpg,211,168,236,193,0
./train_v2/0228b1fbf.jpg,548,677,620,730,1
./train_v2/0228c5d49.jpg,247,337,272,362,0
./train_v2/0229121ce.jpg,548,379,573,404,0
./train_v2/022931fee.jpg,285,672,310,697,0
./train_v2/022a676f3.jpg,718,467,743,492,0
./train_v2/022a6882d.jpg,99,459,124,484,0
./train_v2/022af9c92.jpg,110,153,217,257,1
./train_v2/022bab2b7.jpg,285,736,310,761,0
./train_v2/022bfc827.jpg,214,524,239,549,0
./train_v2/022cef61e.jpg,398,144,423,169,0
./train_v2/022d00f60.jpg,513,38,538,63,0
./train_v2/022d62754.jpg,138,34,163,59,0
./train_v2/022eb7f5c.jpg,658,624,683,649,0
./train_v2/022ecd2ce.jpg,537,71,605,96,1
./train_v2/023094247.jpg,88,305,113,330,0
./train_v2/023168e84.jpg,90,425,115,450,0
./train_v2/0231d2f81.jpg,706,191,731,216,0
./train_v2/023240c31.jpg,608,146,737,273,1
./train_v2/02328d9d4.jpg,736,260,761,285,0
./train_v2/02340e46d.jpg,155,495,180,520,0
./train_v2/02352c626.jpg,724,463,749,488,0
./train_v2/0235388ac.jpg,48,278,73,303,0
./train_v2/02353a857.jpg,124,172,149,197,0
./train_v2/02356a37c.jpg,39,670,64,695,0
./train_v2/023583ef4.jpg,590,277,615,302,0
./train_v2/0235db857.jpg,373,175,428,339,1
./train_v2/02365ada6.jpg,619,560,644,585,0
./train_v2/0237d4ffe.jpg,463,293,488,318,0
./train_v2/0237d953a.jpg,267,66,292,91,0
./train_v2/0237edbd8.jpg,254,408,279,433,0
./train_v2/02381372d.jpg,343,479,368,504,0
./train_v2/02381eef2.jpg,382,605,407,630,0
./train_v2/023881a49.jpg,565,225,629,380,1
./train_v2/0238a3610.jpg,73,345,98,370,0
./train_v2/0238c36b7.jpg,439,139,464,164,0
./train_v2/0238cd03d.jpg,455,39,480,64,0
./train_v2/0238e14b8.jpg,264,584,383,753,1
./train_v2/0239af35c.jpg,428,626,453,651,0
./train_v2/023b586ff.jpg,372,326,397,351,0
./train_v2/023b5b5da.jpg,111,21,136,46,0
./train_v2/023beaff4.jpg,563,591,588,616,0
./train_v2/023c85c21.jpg,219,86,244,111,0
./train_v2/023ce48ce.jpg,279,616,304,641,0
./train_v2/023d5f530.jpg,626,494,651,519,0
./train_v2/023daba1c.jpg,714,700,739,725,0
./train_v2/023e41f72.jpg,84,482,109,507,0
./train_v2/023e45fa9.jpg,358,50,383,75,0
./train_v2/023e9431c.jpg,668,369,693,394,0
./train_v2/023f1de19.jpg,574,45,599,70,0
./train_v2/023f6f2f9.jpg,32,651,121,721,1
./train_v2/023f822d0.jpg,196,484,221,509,0
./train_v2/023fd465e.jpg,100,474,125,499,0
./train_v2/02402eb27.jpg,287,569,312,594,0
./train_v2/0240a0c8b.jpg,486,284,511,309,0
./train_v2/0240e1a95.jpg,223,253,248,278,0
./train_v2/0240fc4b8.jpg,70,499,214,684,1
./train_v2/02417a036.jpg,683,339,708,364,0
./train_v2/024208291.jpg,329,338,354,363,0
./train_v2/02422697a.jpg,703,163,728,188,0
./train_v2/02422cd8a.jpg,656,15,681,40,0
./train_v2/024322b08.jpg,254,569,279,594,0
./train_v2/024370643.jpg,255,460,280,485,0
./train_v2/02445a8fc.jpg,337,8,362,33,0
./train_v2/0245495d1.jpg,446,447,471,472,0
./train_v2/024608d39.jpg,483,255,508,280,0
./train_v2/0246ed76e.jpg,367,521,392,546,0
./train_v2/024722c5a.jpg,660,41,685,66,0
./train_v2/024742e5d.jpg,74,483,99,508,0
./train_v2/0247570b7.jpg,568,734,593,759,0
./train_v2/0247e1755.jpg,94,271,119,296,0
./train_v2/0247f505b.jpg,503,279,528,304,0
./train_v2/02482b4a6.jpg,642,217,667,242,0
./train_v2/02489fe53.jpg,100,500,125,525,0
./train_v2/0248aee06.jpg,151,645,176,670,0
./train_v2/0248d7b6d.jpg,559,312,584,337,0
./train_v2/0249be0f7.jpg,1,111,26,136,0
./train_v2/024a707bf.jpg,204,648,229,673,0
./train_v2/024a9c3f4.jpg,447,239,472,264,0
./train_v2/024ae2655.jpg,212,324,237,349,0
./train_v2/024b257f4.jpg,672,687,697,712,0
./train_v2/024b7b8b0.jpg,376,466,401,491,0
./train_v2/024bafd31.jpg,535,18,560,43,0
./train_v2/024bb3f6a.jpg,428,35,453,60,0
./train_v2/024bffeea.jpg,314,348,339,373,0
./train_v2/024c9200c.jpg,17,49,42,74,0
./train_v2/024d1a276.jpg,184,487,315,541,1
./train_v2/024da9e52.jpg,687,397,712,422,0
./train_v2/024ddc457.jpg,273,271,298,296,0
./train_v2/024e6ba29.jpg,113,112,138,137,0
./train_v2/024ede413.jpg,261,250,286,275,0
./train_v2/024f1ef39.jpg,583,362,608,387,0
./train_v2/024f32903.jpg,346,98,371,123,0
./train_v2/024f3db31.jpg,659,501,684,526,0
./train_v2/024fe0b8d.jpg,621,488,646,513,0
./train_v2/024fef3ec.jpg,732,728,757,753,0
./train_v2/02502a347.jpg,186,464,211,489,0
./train_v2/025150f65.jpg,542,370,567,395,0
./train_v2/02515ade0.jpg,632,142,657,167,0
./train_v2/02523c604.jpg,93,3,118,28,0
./train_v2/02526cba2.jpg,114,397,139,422,0
./train_v2/025325546.jpg,380,286,405,311,0
./train_v2/02535bfb0.jpg,231,3,256,28,0
./train_v2/025418698.jpg,606,474,631,499,0
./train_v2/02546a2b2.jpg,334,182,359,207,0
./train_v2/02552caf3.jpg,597,612,622,637,0
./train_v2/025610d04.jpg,634,347,659,372,0
./train_v2/02563dacd.jpg,722,625,747,650,0
./train_v2/0256476e4.jpg,59,177,84,202,0
./train_v2/02567f5c5.jpg,608,302,633,327,0
./train_v2/0256b65a4.jpg,347,707,372,732,0
./train_v2/0256e1bd4.jpg,717,568,742,593,0
./train_v2/0256ef90d.jpg,427,680,452,705,0
./train_v2/02574d707.jpg,369,124,394,149,0
./train_v2/025788e32.jpg,243,220,268,245,0
./train_v2/0257ae6ab.jpg,415,51,440,76,0
./train_v2/02580cb61.jpg,52,124,77,149,0
./train_v2/02583d516.jpg,704,602,729,627,0
./train_v2/0259a850b.jpg,528,720,553,745,0
./train_v2/0259de307.jpg,90,610,149,672,1
./train_v2/0259e148a.jpg,742,733,767,758,0
./train_v2/025a721a8.jpg,112,712,137,737,0
./train_v2/025ae18f1.jpg,395,55,420,80,0
./train_v2/025b0b457.jpg,232,665,257,690,0
./train_v2/025b52a2b.jpg,63,226,126,271,1
./train_v2/025b9f505.jpg,561,172,632,227,1
./train_v2/025c5c279.jpg,621,2,646,27,0
./train_v2/025c70b1c.jpg,476,596,501,621,0
./train_v2/025c83683.jpg,183,48,208,73,0
./train_v2/025cc35b4.jpg,196,77,221,102,0
./train_v2/025ce9526.jpg,360,311,385,336,0
./train_v2/025cf3713.jpg,284,658,309,683,0
./train_v2/025dfd6fe.jpg,313,211,338,236,0
./train_v2/025e0af68.jpg,36,163,61,188,0
./train_v2/025e2e921.jpg,178,22,203,47,0
./train_v2/025e39c16.jpg,522,6,547,31,0
./train_v2/025e5dc14.jpg,454,303,479,328,0
./train_v2/025ee157d.jpg,460,255,570,376,1
./train_v2/025efd626.jpg,185,485,210,510,0
./train_v2/025f33344.jpg,238,77,263,102,0
./train_v2/025f5cf67.jpg,398,123,423,148,0
./train_v2/025fa739a.jpg,657,495,682,520,0
./train_v2/025fbc9dd.jpg,630,566,655,591,0
./train_v2/025ff7618.jpg,600,470,625,495,0
./train_v2/025ffe80b.jpg,528,511,553,536,0
./train_v2/02600c932.jpg,239,395,264,420,0
./train_v2/026151534.jpg,649,41,674,66,0
./train_v2/02617ccf3.jpg,372,322,397,347,0
./train_v2/02619f457.jpg,672,468,697,493,0
./train_v2/02620cfa8.jpg,731,435,756,460,0
./train_v2/026214cfe.jpg,625,348,650,373,0
./train_v2/0262874cc.jpg,406,133,431,158,0
./train_v2/0262aaa0d.jpg,47,525,135,767,1
./train_v2/02630ea38.jpg,472,715,497,740,0
./train_v2/02638d157.jpg,397,356,422,381,0
./train_v2/0263c0e5a.jpg,590,69,615,94,0
./train_v2/02644ef05.jpg,655,3,680,28,0
./train_v2/02646214e.jpg,381,504,406,529,0
./train_v2/02649646e.jpg,421,356,446,381,0
./train_v2/02650299d.jpg,239,447,264,472,0
./train_v2/0265c08f0.jpg,679,507,704,532,0
./train_v2/0265c210b.jpg,704,74,729,99,0
./train_v2/0266268fa.jpg,380,82,405,107,0
./train_v2/0266d432e.jpg,406,512,431,537,0
./train_v2/0267ff0b8.jpg,110,577,135,602,0
./train_v2/02688343b.jpg,297,667,322,692,0
./train_v2/0268a89cf.jpg,131,678,372,738,1
./train_v2/0268e218b.jpg,229,46,254,71,0
./train_v2/02694afb1.jpg,164,62,189,87,0
./train_v2/02698bd0e.jpg,707,13,732,38,0
./train_v2/0269b1787.jpg,86,10,111,35,0
./train_v2/026a4c17a.jpg,161,9,186,34,0
./train_v2/026a6bdf1.jpg,478,384,503,409,0
./train_v2/026a8a379.jpg,183,144,208,169,0
./train_v2/026ac57ce.jpg,68,274,93,299,0
./train_v2/026b0d0d5.jpg,6,448,31,473,0
./train_v2/026b15aeb.jpg,356,229,381,254,0
./train_v2/026b3e250.jpg,554,623,579,648,0
./train_v2/026b66a3e.jpg,195,382,220,407,0
./train_v2/026b8e116.jpg,332,254,357,279,0
./train_v2/026bb1723.jpg,359,495,480,574,1
./train_v2/026bce8ee.jpg,624,730,649,755,0
./train_v2/026c6e9bf.jpg,466,135,491,160,0
./train_v2/026cff18d.jpg,92,431,117,456,0
./train_v2/026d2493c.jpg,245,199,270,224,0
./train_v2/026d50539.jpg,409,134,434,159,0
./train_v2/026d6a519.jpg,505,42,530,67,0
./train_v2/026da90a6.jpg,213,1,325,283,1
./train_v2/026dae336.jpg,8,286,70,365,1
./train_v2/026dbd337.jpg,26,213,51,238,0
./train_v2/026de266c.jpg,58,669,83,694,0
./train_v2/026ede99c.jpg,630,294,655,319,0
./train_v2/026f5c230.jpg,126,320,151,345,0
./train_v2/026f813c9.jpg,310,541,335,566,0
./train_v2/026fb5246.jpg,303,707,328,732,0
./train_v2/02707f940.jpg,678,706,703,731,0
./train_v2/0270d7317.jpg,454,661,538,685,1
./train_v2/0270e1e99.jpg,258,216,283,241,0
./train_v2/02713f01b.jpg,659,156,684,181,0
./train_v2/0272026b4.jpg,98,387,123,412,0
./train_v2/0272ff983.jpg,673,299,698,324,0
./train_v2/027323edb.jpg,161,59,186,84,0
./train_v2/0273953cd.jpg,186,312,440,451,1
./train_v2/0273fb076.jpg,694,448,719,473,0
./train_v2/027444fb7.jpg,281,494,306,519,0
./train_v2/02745c2e3.jpg,589,248,614,273,0
./train_v2/027483868.jpg,515,152,540,177,0
./train_v2/02748d80d.jpg,713,529,738,554,0
./train_v2/0274d3627.jpg,147,62,196,130,1
./train_v2/02766c52b.jpg,560,254,632,354,1
./train_v2/0276904be.jpg,240,471,350,540,1
./train_v2/0276d039b.jpg,125,329,150,354,0
./train_v2/02774cc0f.jpg,471,691,496,716,0
./train_v2/027875634.jpg,394,465,419,490,0
./train_v2/027912e2b.jpg,506,686,531,711,0
./train_v2/027a3b929.jpg,114,302,139,327,0
./train_v2/027a9ce9c.jpg,233,515,258,540,0
./train_v2/027afa11a.jpg,662,365,687,390,0
./train_v2/027b2269a.jpg,572,194,692,347,1
./train_v2/027b381f0.jpg,143,447,249,662,1
./train_v2/027c5620b.jpg,599,243,624,268,0
./train_v2/027c9ac04.jpg,409,289,434,314,0
./train_v2/027d9c067.jpg,667,502,692,527,0
./train_v2/027e16aac.jpg,616,82,641,107,0
./train_v2/027e6bd14.jpg,208,570,233,595,0
./train_v2/027e7abf2.jpg,161,26,186,51,0
./train_v2/027e8d30e.jpg,325,696,350,721,0
./train_v2/027eb34b5.jpg,195,423,220,448,0
./train_v2/027f955b1.jpg,268,20,293,45,0
./train_v2/02800da9a.jpg,170,420,258,624,1
./train_v2/028018fa1.jpg,372,614,397,639,0
./train_v2/0280f7bd4.jpg,193,35,218,60,0
./train_v2/02810dc63.jpg,184,491,209,516,0
./train_v2/02814fab7.jpg,245,490,270,515,0
./train_v2/0281adf1e.jpg,10,533,35,558,0
./train_v2/0282961c2.jpg,291,25,316,50,0
./train_v2/0282ae761.jpg,38,120,130,194,1
./train_v2/0282e6975.jpg,682,387,767,504,1
./train_v2/0282fde56.jpg,302,532,327,557,0
./train_v2/0283920f8.jpg,685,731,710,756,0
./train_v2/028468c8f.jpg,731,666,756,691,0
./train_v2/0284c1225.jpg,644,595,669,620,0
./train_v2/02854be01.jpg,413,311,438,336,0
./train_v2/0285506d2.jpg,95,486,120,511,0
./train_v2/02857c749.jpg,642,204,667,229,0
./train_v2/028592ebf.jpg,625,53,650,78,0
./train_v2/0285b1b3e.jpg,282,199,307,224,0
./train_v2/028602bc3.jpg,114,469,139,494,0
./train_v2/028622be9.jpg,236,712,261,737,0
./train_v2/02862e7ea.jpg,371,549,396,574,0
./train_v2/0286357db.jpg,10,450,35,475,0
./train_v2/028686ddc.jpg,429,600,454,625,0
./train_v2/0287753fa.jpg,487,652,512,677,0
./train_v2/02880bd6e.jpg,671,113,696,138,0
./train_v2/02885724d.jpg,144,587,169,612,0
./train_v2/0289651ff.jpg,46,290,71,315,0
./train_v2/02899dad2.jpg,223,545,248,570,0
./train_v2/028a2f6cb.jpg,78,589,103,614,0
./train_v2/028ac6285.jpg,582,396,607,421,0
./train_v2/028b0ee48.jpg,189,53,214,78,0
./train_v2/028b3264d.jpg,465,19,490,44,0
./train_v2/028b67e38.jpg,47,97,72,122,0
./train_v2/028b8658a.jpg,335,499,360,524,0
./train_v2/028b87b13.jpg,637,370,662,395,0
./train_v2/028c9d202.jpg,37,233,62,258,0
./train_v2/028d4a8d9.jpg,477,584,502,609,0
./train_v2/028d4f577.jpg,215,370,240,395,0
./train_v2/028db1af0.jpg,609,442,634,467,0
./train_v2/028e07189.jpg,399,246,424,271,0
./train_v2/028ea8c63.jpg,306,590,331,615,0
./train_v2/028eaba1a.jpg,256,344,281,369,0
./train_v2/028f41948.jpg,274,505,299,530,0
./train_v2/028f89837.jpg,422,484,447,509,0
./train_v2/028ffda46.jpg,365,296,390,321,0
./train_v2/0290675c9.jpg,355,50,380,75,0
./train_v2/0291120e0.jpg,306,720,331,745,0
./train_v2/029232e6d.jpg,581,541,606,566,0
./train_v2/02923dee8.jpg,569,562,594,587,0
./train_v2/02925fd61.jpg,627,572,652,597,0
./train_v2/029263b60.jpg,728,83,753,108,0
./train_v2/0292a0504.jpg,295,366,320,391,0
./train_v2/0292e23be.jpg,192,28,217,53,0
./train_v2/0292e9584.jpg,496,456,695,562,1
./train_v2/0292f1509.jpg,724,540,749,565,0
./train_v2/0293072da.jpg,110,110,135,135,0
./train_v2/029377b79.jpg,717,150,767,221,1
./train_v2/0293a5a19.jpg,524,283,549,308,0
./train_v2/02940aa6c.jpg,57,305,82,330,0
./train_v2/029456cee.jpg,107,593,132,618,0
./train_v2/0294af7c1.jpg,692,4,717,29,0
./train_v2/02953c55a.jpg,483,504,508,529,0
./train_v2/0296e8724.jpg,351,1,409,64,1
./train_v2/0296fec8e.jpg,189,626,214,651,0
./train_v2/029773a5d.jpg,219,20,244,45,0
./train_v2/029790daf.jpg,70,593,95,618,0
./train_v2/0297c2f2a.jpg,419,464,494,554,1
./train_v2/029919989.jpg,529,582,554,607,0
./train_v2/0299a28d8.jpg,464,613,489,638,0
./train_v2/029a8f777.jpg,27,301,52,326,0
./train_v2/029b05d40.jpg,395,100,454,169,1
./train_v2/029b5a2d7.jpg,186,357,211,382,0
./train_v2/029bda170.jpg,655,209,680,234,0
./train_v2/029c0a0de.jpg,446,20,471,45,0
./train_v2/029c17261.jpg,116,619,141,644,0
./train_v2/029c99824.jpg,145,616,170,641,0
./train_v2/029d921f9.jpg,252,498,277,523,0
./train_v2/029e2db23.jpg,39,545,64,570,0
./train_v2/029e59628.jpg,372,700,397,725,0
./train_v2/029e9626f.jpg,216,280,241,305,0
./train_v2/029f377cb.jpg,109,110,217,151,1
./train_v2/029f4d87e.jpg,85,716,110,741,0
./train_v2/029fdd773.jpg,322,63,347,88,0
./train_v2/02a07c453.jpg,533,377,558,402,0
./train_v2/02a091474.jpg,244,560,269,585,0
./train_v2/02a13fb8a.jpg,622,189,647,214,0
./train_v2/02a1ffd2d.jpg,398,323,423,348,0
./train_v2/02a22a00a.jpg,118,446,143,471,0
./train_v2/02a3646da.jpg,697,80,722,105,0
./train_v2/02a376ef0.jpg,669,409,694,434,0
./train_v2/02a3edd4a.jpg,318,114,343,139,0
./train_v2/02a441fbf.jpg,184,332,209,357,0
./train_v2/02a49f6ab.jpg,396,264,421,289,0
./train_v2/02a5c36c9.jpg,575,655,600,680,0
./train_v2/02a5ee9a4.jpg,546,302,571,327,0
./train_v2/02a608cf8.jpg,563,342,636,428,1
./train_v2/02a608d41.jpg,449,476,474,501,0
./train_v2/02a6389d6.jpg,95,369,120,394,0
./train_v2/02a7340ab.jpg,231,430,256,455,0
./train_v2/02a80f00c.jpg,702,317,727,342,0
./train_v2/02a8ba068.jpg,25,690,50,715,0
./train_v2/02a96ada4.jpg,688,266,713,291,0
./train_v2/02aa28f81.jpg,194,584,219,609,0
./train_v2/02aab4d49.jpg,381,418,406,443,0
./train_v2/02aab9aba.jpg,509,69,534,94,0
./train_v2/02ab1b029.jpg,649,700,674,725,0
./train_v2/02ab2c0a7.jpg,72,628,97,653,0
./train_v2/02ab81b43.jpg,676,9,701,34,0
./train_v2/02abd67a3.jpg,390,483,415,508,0
./train_v2/02ac40d55.jpg,287,482,312,507,0
./train_v2/02ac55493.jpg,567,428,592,453,0
./train_v2/02ac912d6.jpg,470,207,495,232,0
./train_v2/02ad00d34.jpg,624,317,649,342,0
./train_v2/02ad0580f.jpg,470,619,495,644,0
./train_v2/02ad2129b.jpg,201,298,226,323,0
./train_v2/02ad49061.jpg,412,330,437,355,0
./train_v2/02ad4a616.jpg,68,553,93,578,0
./train_v2/02ad57475.jpg,25,319,50,344,0
./train_v2/02ad7f3e2.jpg,28,725,53,750,0
./train_v2/02ada244c.jpg,389,675,414,700,0
./train_v2/02adb030b.jpg,573,699,649,765,1
./train_v2/02adb9daf.jpg,285,657,310,682,0
./train_v2/02addff20.jpg,190,675,215,700,0
./train_v2/02aeb0b13.jpg,665,296,690,321,0
./train_v2/02b094408.jpg,465,422,490,447,0
./train_v2/02b0bfcfa.jpg,665,159,690,184,0
./train_v2/02b16fab2.jpg,3,654,28,679,0
./train_v2/02b29e721.jpg,175,182,200,207,0
./train_v2/02b2b3f30.jpg,243,55,353,171,1
./train_v2/02b2e2be3.jpg,477,226,502,251,0
./train_v2/02b3abcc1.jpg,614,656,639,681,0
./train_v2/02b3bab15.jpg,703,290,728,315,0
./train_v2/02b48c152.jpg,596,117,621,142,0
./train_v2/02b4b1f6c.jpg,578,90,663,247,1
./train_v2/02b53be98.jpg,465,519,490,544,0
./train_v2/02b55b2af.jpg,64,395,89,420,0
./train_v2/02b56c9e9.jpg,661,196,686,221,0
./train_v2/02b5d006b.jpg,175,624,200,649,0
./train_v2/02b5e6ad4.jpg,369,114,394,139,0
./train_v2/02b6f4dc6.jpg,172,489,197,514,0
./train_v2/02b854286.jpg,419,217,444,242,0
./train_v2/02b889b32.jpg,463,532,488,557,0
./train_v2/02b945641.jpg,209,306,234,331,0
./train_v2/02b9d973f.jpg,270,580,295,605,0
./train_v2/02ba0db11.jpg,101,670,126,695,0
./train_v2/02ba2ecfe.jpg,216,371,241,396,0
./train_v2/02ba5b2c2.jpg,583,503,608,528,0
./train_v2/02ba6c476.jpg,628,303,754,381,1
./train_v2/02bad64c2.jpg,112,517,137,542,0
./train_v2/02bb1d178.jpg,96,702,121,727,0
./train_v2/02bb26bc4.jpg,659,383,684,408,0
./train_v2/02bb900e4.jpg,505,725,530,750,0
./train_v2/02bb9a3bf.jpg,94,559,119,584,0
./train_v2/02bbac109.jpg,615,580,640,605,0
./train_v2/02bbc958f.jpg,142,319,167,344,0
./train_v2/02bc480c5.jpg,450,596,590,748,1
./train_v2/02bce2ddd.jpg,11,242,36,267,0
./train_v2/02bd16053.jpg,101,335,126,360,0
./train_v2/02bd1f2f0.jpg,426,588,451,613,0
./train_v2/02bd254d1.jpg,312,396,337,421,0
./train_v2/02bd946c3.jpg,688,668,713,693,0
./train_v2/02be02433.jpg,405,669,430,694,0
./train_v2/02bebcd29.jpg,39,600,64,625,0
./train_v2/02beeabc5.jpg,249,170,274,195,0
./train_v2/02bf17114.jpg,612,259,637,284,0
./train_v2/02bf86cae.jpg,123,21,148,46,0
./train_v2/02bf88414.jpg,710,505,735,530,0
./train_v2/02bfd9c6c.jpg,640,697,665,722,0
./train_v2/02c0238c7.jpg,506,681,531,706,0
./train_v2/02c025c7d.jpg,567,217,620,406,1
./train_v2/02c0df430.jpg,191,658,216,683,0
./train_v2/02c0f1e6e.jpg,684,223,709,248,0
./train_v2/02c14d65d.jpg,55,570,80,595,0
./train_v2/02c1ef055.jpg,64,541,89,566,0
./train_v2/02c26d6f7.jpg,333,484,358,509,0
./train_v2/02c2a42d2.jpg,126,395,151,420,0
./train_v2/02c2c6c7e.jpg,471,11,496,36,0
./train_v2/02c3568a7.jpg,541,555,673,614,1
./train_v2/02c373f27.jpg,350,658,375,683,0
./train_v2/02c382728.jpg,85,329,110,354,0
./train_v2/02c38ec7b.jpg,491,219,516,244,0
./train_v2/02c3d2f59.jpg,707,516,732,541,0
./train_v2/02c429cad.jpg,373,160,447,240,1
./train_v2/02c4cbff8.jpg,154,412,179,437,0
./train_v2/02c59b6ba.jpg,654,414,679,439,0
./train_v2/02c5b00e8.jpg,559,665,584,690,0
./train_v2/02c66b95d.jpg,626,98,651,123,0
./train_v2/02c781d8a.jpg,141,115,166,140,0
./train_v2/02c89ebc8.jpg,22,7,47,32,0
./train_v2/02c8d553b.jpg,444,452,469,477,0
./train_v2/02c935211.jpg,683,545,708,570,0
./train_v2/02c939579.jpg,224,368,249,393,0
./train_v2/02c976c09.jpg,348,197,431,331,1
./train_v2/02c9a22ee.jpg,192,544,217,569,0
./train_v2/02cac98ee.jpg,87,554,112,579,0
./train_v2/02cad75b1.jpg,602,553,627,578,0
./train_v2/02cadf33e.jpg,251,434,276,459,0
./train_v2/02cb044ba.jpg,349,65,374,90,0
./train_v2/02cb62c23.jpg,616,509,641,534,0
./train_v2/02cb8b07c.jpg,68,390,151,541,1
./train_v2/02cbc4cbb.jpg,199,720,224,745,0
./train_v2/02cbeb068.jpg,137,223,162,248,0
./train_v2/02cbebfff.jpg,306,176,331,201,0
./train_v2/02cc4f9cf.jpg,145,524,170,549,0
./train_v2/02cc68ce9.jpg,135,388,160,413,0
./train_v2/02ccca445.jpg,221,344,246,369,0
./train_v2/02cdd6ba3.jpg,688,161,713,186,0
./train_v2/02cec45c4.jpg,1,673,26,698,0
./train_v2/02ceecc4d.jpg,506,383,531,408,0
./train_v2/02cf05798.jpg,388,77,413,102,0
./train_v2/02cf4176d.jpg,741,267,766,292,0
./train_v2/02cfb3c9d.jpg,323,187,391,289,1
./train_v2/02d0a4912.jpg,465,292,490,317,0
./train_v2/02d0ae5cb.jpg,6,405,31,430,0
./train_v2/02d148aec.jpg,379,184,404,209,0
./train_v2/02d15f352.jpg,319,169,384,190,1
./train_v2/02d17ae21.jpg,34,625,59,650,0
./train_v2/02d215db2.jpg,36,235,61,260,0
./train_v2/02d2863b8.jpg,583,722,608,747,0
./train_v2/02d29635a.jpg,436,578,461,603,0
./train_v2/02d29dbc2.jpg,541,484,566,509,0
./train_v2/02d314a47.jpg,494,697,519,722,0
./train_v2/02d385f81.jpg,398,296,423,321,0
./train_v2/02d3996de.jpg,499,327,524,352,0
./train_v2/02d3b8f58.jpg,99,326,124,351,0
./train_v2/02d3e26ab.jpg,407,294,432,319,0
./train_v2/02d43555f.jpg,296,558,321,583,0
./train_v2/02d450447.jpg,389,364,414,389,0
./train_v2/02d565e9e.jpg,66,187,91,212,0
./train_v2/02d569a35.jpg,333,474,358,499,0
./train_v2/02d584240.jpg,528,737,553,762,0
./train_v2/02d5a8cc1.jpg,693,69,718,94,0
./train_v2/02d5f31fd.jpg,709,121,734,146,0
./train_v2/02d6d3aba.jpg,722,443,747,468,0
./train_v2/02d7581b7.jpg,179,53,204,78,0
./train_v2/02d7f7d79.jpg,223,604,248,629,0
./train_v2/02d928c1e.jpg,57,264,82,289,0
./train_v2/02d93cbf1.jpg,99,118,124,143,0
./train_v2/02d97c5bb.jpg,47,521,72,546,0
./train_v2/02d9c899b.jpg,65,458,90,483,0
./train_v2/02dacd74e.jpg,130,484,155,509,0
./train_v2/02db69003.jpg,371,212,396,237,0
./train_v2/02db7d0c8.jpg,618,608,643,633,0
./train_v2/02db88cc5.jpg,698,1,723,26,0
./train_v2/02de2c3a6.jpg,125,175,204,220,1
./train_v2/02df7aa11.jpg,476,6,501,31,0
./train_v2/02dfc6a62.jpg,80,80,105,105,0
./train_v2/02e044d26.jpg,273,178,298,203,0
./train_v2/02e04a2ba.jpg,258,186,283,211,0
./train_v2/02e15f70e.jpg,288,313,313,338,0
./train_v2/02e18ce1d.jpg,521,566,625,760,1
./train_v2/02e22b90e.jpg,476,585,501,610,0
./train_v2/02e25e554.jpg,201,627,226,652,0
./train_v2/02e304324.jpg,551,613,576,638,0
./train_v2/02e35cc36.jpg,136,49,161,74,0
./train_v2/02e39612d.jpg,544,89,705,344,1
./train_v2/02e434433.jpg,200,361,278,395,1
./train_v2/02e440917.jpg,659,44,729,94,1
./train_v2/02e4c0a3b.jpg,454,521,479,546,0
./train_v2/02e5cfabd.jpg,83,72,108,97,0
./train_v2/02e5e9199.jpg,445,603,470,628,0
./train_v2/02e5fad41.jpg,161,606,233,672,1
./train_v2/02e604fa4.jpg,606,67,631,92,0
./train_v2/02e610c3a.jpg,544,671,569,696,0
./train_v2/02e62a2e1.jpg,337,53,362,78,0
./train_v2/02e63e216.jpg,180,544,205,569,0
./train_v2/02e687d04.jpg,31,315,56,340,0
./train_v2/02e6a2a59.jpg,555,411,641,512,1
./train_v2/02e79cf65.jpg,402,708,427,733,0
./train_v2/02e7b89fe.jpg,156,87,181,112,0
./train_v2/02e831bf9.jpg,481,81,506,106,0
./train_v2/02e844a41.jpg,731,185,756,210,0
./train_v2/02e8e2bdf.jpg,451,606,476,631,0
./train_v2/02e9922af.jpg,617,363,642,388,0
./train_v2/02e9b1860.jpg,566,680,591,705,0
./train_v2/02e9cb29d.jpg,670,159,695,184,0
./train_v2/02ea1b45d.jpg,407,583,432,608,0
./train_v2/02ea4c620.jpg,145,555,170,580,0
./train_v2/02ea71d21.jpg,354,433,379,458,0
./train_v2/02ea753ea.jpg,194,63,219,88,0
./train_v2/02ea84c19.jpg,222,681,247,706,0
./train_v2/02eaafa40.jpg,350,200,375,225,0
./train_v2/02ead2260.jpg,567,573,592,598,0
./train_v2/02eb9080d.jpg,16,653,41,678,0
./train_v2/02eca3382.jpg,594,241,619,266,0
./train_v2/02ede359b.jpg,498,220,523,245,0
./train_v2/02eeba747.jpg,106,219,191,242,1
./train_v2/02eebbaf0.jpg,691,210,716,235,0
./train_v2/02eee230d.jpg,126,553,151,578,0
./train_v2/02eef44eb.jpg,355,485,380,510,0
./train_v2/02eef735f.jpg,719,233,744,258,0
./train_v2/02f0248a0.jpg,57,588,82,613,0
./train_v2/02f05f1f2.jpg,301,112,398,172,1
./train_v2/02f065953.jpg,272,435,297,460,0
./train_v2/02f0f0abb.jpg,137,58,162,83,0
./train_v2/02f108b99.jpg,115,614,140,639,0
./train_v2/02f15b8ca.jpg,224,285,249,310,0
./train_v2/02f195403.jpg,484,607,509,632,0
./train_v2/02f2114ac.jpg,570,278,595,303,0
./train_v2/02f22279a.jpg,383,61,480,145,1
./train_v2/02f28108a.jpg,142,480,167,505,0
./train_v2/02f28a1a4.jpg,8,333,152,447,1
./train_v2/02f332905.jpg,3,210,28,235,0
./train_v2/02f338495.jpg,475,440,500,465,0
./train_v2/02f340812.jpg,242,734,267,759,0
./train_v2/02f448a25.jpg,92,547,117,572,0
./train_v2/02f509967.jpg,117,323,142,348,0
./train_v2/02f528d39.jpg,619,268,644,293,0
./train_v2/02f594d5a.jpg,57,414,82,439,0
./train_v2/02f690e6c.jpg,204,98,229,123,0
./train_v2/02f6f3b23.jpg,520,361,545,386,0
./train_v2/02f8a33df.jpg,136,76,161,101,0
./train_v2/02f8b8b46.jpg,150,100,175,125,0
./train_v2/02f8cc207.jpg,241,706,266,731,0
./train_v2/02f8e55db.jpg,396,184,421,209,0
./train_v2/02f8fd06a.jpg,325,497,350,522,0
./train_v2/02f963055.jpg,407,452,432,477,0
./train_v2/02f975e35.jpg,642,283,667,308,0
./train_v2/02f9824a1.jpg,557,117,582,142,0
./train_v2/02f9d5b11.jpg,44,253,69,278,0
./train_v2/02fac3a8d.jpg,126,691,226,749,1
./train_v2/02fad98a5.jpg,608,281,633,306,0
./train_v2/02fb4e152.jpg,286,243,406,315,1
./train_v2/02fbc6ac6.jpg,723,450,748,475,0
./train_v2/02fca3ccb.jpg,252,689,277,714,0
./train_v2/02fd15575.jpg,668,632,693,657,0
./train_v2/02fd4414f.jpg,191,212,216,237,0
./train_v2/02fd831b5.jpg,486,44,536,145,1
./train_v2/02fdaf33f.jpg,580,521,605,546,0
./train_v2/02fdf14d1.jpg,366,719,391,744,0
./train_v2/02ff119d9.jpg,354,739,379,764,0
./train_v2/02ff17cd0.jpg,365,374,390,399,0
./train_v2/02ffcbac3.jpg,572,288,597,313,0
./train_v2/02ffee1ba.jpg,337,99,362,124,0
./train_v2/02fff57ff.jpg,564,420,589,445,0
./train_v2/03007179a.jpg,482,593,507,618,0
./train_v2/03007ae96.jpg,725,247,767,303,1
./train_v2/030096287.jpg,164,637,189,662,0
./train_v2/0300b0b80.jpg,673,217,698,242,0
./train_v2/0300bf957.jpg,540,252,565,277,0
./train_v2/0300eef92.jpg,203,127,228,152,0
./train_v2/030237784.jpg,494,398,519,423,0
./train_v2/03025cb90.jpg,617,199,642,224,0
./train_v2/03032a216.jpg,131,320,156,345,0
./train_v2/0303358e5.jpg,354,583,379,608,0
./train_v2/030353446.jpg,98,39,123,64,0
./train_v2/030385e54.jpg,467,22,492,47,0
./train_v2/03039d30b.jpg,102,516,127,541,0
./train_v2/0304d6084.jpg,384,403,409,428,0
./train_v2/0304e57e5.jpg,601,589,626,614,0
./train_v2/0306e8daf.jpg,373,206,398,231,0
./train_v2/0306fd3f6.jpg,89,658,114,683,0
./train_v2/030725a53.jpg,721,700,746,725,0
./train_v2/03078635d.jpg,388,374,557,561,1
./train_v2/0307a3336.jpg,475,68,500,93,0
./train_v2/0307c908a.jpg,56,136,81,161,0
./train_v2/0307f78a4.jpg,24,538,49,563,0
./train_v2/0309112bd.jpg,444,540,575,661,1
./train_v2/0309f549f.jpg,108,472,133,497,0
./train_v2/030a0f349.jpg,587,421,612,446,0
./train_v2/030a6b81d.jpg,281,610,306,635,0
./train_v2/030a9a650.jpg,227,237,252,262,0
./train_v2/030b5be80.jpg,584,374,609,399,0
./train_v2/030b8d1ca.jpg,194,544,219,569,0
./train_v2/030bab8fc.jpg,122,684,147,709,0
./train_v2/030d59fd3.jpg,166,63,191,88,0
./train_v2/030e0cbb8.jpg,55,572,80,597,0
./train_v2/030e51946.jpg,326,583,396,709,1
./train_v2/030e62f40.jpg,608,550,633,575,0
./train_v2/030f273eb.jpg,564,714,589,739,0
./train_v2/030f88656.jpg,347,584,372,609,0
./train_v2/030fe0054.jpg,314,701,339,726,0
./train_v2/03100331b.jpg,1,729,26,754,0
./train_v2/031009666.jpg,307,574,536,742,1
./train_v2/03103a352.jpg,424,258,449,283,0
